"precinct","turnout","sum_fe","re_over_fe"
"0101",17.4611370155887,0.985840401253046,1.70024221780066
"0102",22.2288494032588,1.26499164116795,1.68684126098258
"0103",27.9768831952198,1.64258538279861,1.63499437785329
"0104",21.1761670773308,1.26763876801617,1.603602519358
"0105",16.3484294395767,0.744338428042316,2.10838774883789
"0106",10.1543427638432,0.78044135582019,1.24898272651653
"0107",7.455111181187,0.742286005750127,0.964112557314133
"0108",13.6622256105834,0.866297074177697,1.51390803113125
"0109",17.932445100112,1.17390943006735,1.46639106700215
"0110",16.2710786954924,1.16757824624593,1.33775085884676
"0111",30.8437498326405,1.58083364143143,1.87294873457121
"0112",9.98034014895793,0.735124197644476,1.30325533808725
"0113",13.4561317632849,0.947797219794376,1.36285511477934
"0114",19.8966329639912,0.880021214248874,2.17035779077388
"0115",28.4099066466705,1.57952243939178,1.72658870027714
"0116",11.4878097412526,0.870481616619133,1.26684218935562
"0117",21.5003159809981,1.17497082819594,1.75655861371234
"0118",17.9881137488535,1.41815480821527,1.21760625695832
"0119",23.8605772693144,1.56080550666023,1.46749640379626
"0120",26.2383153735935,1.67691349209622,1.50200084345412
"0121",16.702850085916,1.29047196086574,1.24247282344021
"0201",30.1119524360246,1.73432926151163,1.66668010735441
"0202",14.2452839506146,0.928164468969686,1.47329955941885
"0203",12.8933426728141,0.869509311594144,1.42343020014916
"0204",18.2338036642583,1.23648956376751,1.41557116229291
"0205",19.2147374253637,1.20447437078282,1.53137579543364
"0206",30.4772114869065,1.33469161509749,2.19199310799871
"0207",23.9176066708088,1.42026282922904,1.61656766003921
"0208",16.5897717054,0.888873778250621,1.79161711564175
"0209",19.5308415514156,1.14394973829941,1.63892432522669
"0210",17.6528862568268,1.2901023557297,1.31351925157199
"0211",18.6920945902082,1.26550845008178,1.41787455382617
"0212",19.2032632553448,1.42536712147324,1.2932818614678
"0213",6.12265754017465,0.551385597489104,1.0659318484536
"0214",22.086933077775,1.54912584377026,1.36865378809366
"0215",26.4534318917141,1.75124546327612,1.45003968079185
"0216",36.821638382135,2.16344574657696,1.6338116465202
"0217",22.9306023128711,1.44490085767338,1.52342929008705
"0218",21.0552537727506,1.38168842866862,1.46283467891645
"0219",22.5719846732614,1.34657031483016,1.60910949763366
"0220",20.152977648752,0.414872834137634,4.66303969829864
"0221",16.6144247748466,0.930570711177434,1.7138816069582
"0222",32.0362672062877,1.83289827389559,1.67783184448581
"0223",33.4034802157095,1.67800219094172,1.91092693205303
"0224",32.5650930121578,1.63316658470409,1.91410926400273
"0225",24.3162839573664,1.50159273681229,1.55449716764944
"0226",31.8190302353691,2.20290122049278,1.38655404930617
"0227",31.1056859320344,1.85902331280233,1.60620078721192
"0301",10.0514468594921,1.10227594422408,0.875352827866146
"0302",10.2274054757567,1.12824861154209,0.870172900994402
"0303",14.5867266062222,1.45504300350035,0.962336375222046
"0304",21.5860330042839,1.58086987189583,1.3107552373769
"0305",9.07712316676561,1.11262412477219,0.783149443594443
"0306",12.9316950789483,1.28360473671904,0.96709476489959
"0307",12.490274814492,1.27037122951167,0.943813602204574
"0308",14.5006782423902,1.34431444367699,1.03545764496881
"0309",20.0427737283283,1.64561834950076,1.16915903454439
"0310",14.2691876727426,1.2822324878715,1.06826097005099
"0311",21.204776719306,1.59305578876768,1.27775505126866
"0312",13.1466005753871,1.3514678834428,0.933797327127594
"0313",9.28239830072053,1.09991958837181,0.810110294538476
"0314",19.1128149720292,1.44101385769284,1.2732139429874
"0315",16.6105723092944,1.38302977630024,1.15291676211628
"0316",17.7939140868011,1.57776928520193,1.08261210760361
"0317",21.9525004434011,1.56103781026831,1.34994308940123
"0318",17.555184018609,1.51357246267548,1.11338933311543
"0319",18.8473201899315,1.72604154221477,1.04819782050746
"0320",13.4689241566501,1.09128960061011,1.18478017504732
"0321",6.17701783798664,0.778648771295062,0.761521449759636
"0322",10.6057236353659,0.988206101102057,1.03023823313348
"0401",12.9278897173082,1.17706457078827,1.05431949896591
"0402",16.4119394252106,1.54688875228261,1.01846406803683
"0403",14.6994009996825,1.43915900575662,0.980473241497341
"0404",7.22056558909734,0.948359819414033,0.730874752479372
"0405",12.6173387428257,1.2674636380287,0.955602201986294
"0406",11.4075528923163,1.30364623021829,0.839996788606131
"0407",18.9139939240413,1.46653568217027,1.23804234355509
"0408",14.4974054756277,1.46169006317067,0.952094111099036
"0409",17.6036438930565,1.325138000093,1.27522363743778
"0410",13.6353699033075,1.31480146727391,0.99552376462599
"0411",12.9202327960492,1.40304069035663,0.883985131149148
"0412",10.0003320954,0.993105772643511,0.966637866396841
"0413",16.2490772607935,1.52773824187712,1.02099741259467
"0414",10.1359882081765,1.11202347000553,0.874977793423491
"0415",11.9404639240345,1.17457200951375,0.97585758324391
"0416",11.8614496800234,1.17123247985755,0.972164036464725
"0417",13.7667581888838,1.31548112800535,1.0045971687395
"0418",14.0268279504481,1.37456827562626,0.979575786244282
"0419",8.19579274429035,0.942697128120774,0.834571733128967
"0420",12.2353333792991,1.17404756975756,1.00040303592955
"0421",21.5993641114966,1.62056261892874,1.27944033056211
"0501",39.397894784801,2.69808791851134,1.40172173171074
"0502",23.779773634203,1.7955558321493,1.27131651868404
"0503",34.988695241105,2.49192500074888,1.34783791197328
"0504",34.950121326255,2.31868967023704,1.44694141767851
"0505",27.6965045191709,2.05068931586176,1.29649241614171
"0506",31.6763973959481,1.94568587541932,1.56281634355023
"0507",19.4655515458199,1.52945960899332,1.22172536078835
"0508",31.7660084113959,2.22882038352084,1.36814605775674
"0509",31.5188515438711,1.4441941067239,2.09502738384494
"0510",25.0659260237363,1.42314646555883,1.6907486245943
"0511",26.4024845094385,1.74690102718498,1.4508462248889
"0512",30.4680155396553,1.97924818230316,1.47770860186395
"0513",4.74349189078084,0.307811711481832,1.47930563151252
"0514",20.1808523486698,1.47598802461041,1.31250678995667
"0515",24.1982543239574,1.13336103900032,2.0495600421501
"0516",19.0113551551306,0.841330560660878,2.16915855598825
"0517",24.1752608287482,0.904724656269643,2.565072413074
"0518",46.8134371743872,2.90367354933199,1.54763174261481
"0519",40.5271755854062,2.58544011749502,1.50472363436965
"0520",14.678808295283,0.914240524311895,1.54125755556738
"0521",19.9351953624455,0.661054181083499,2.89486507889852
"0522",22.2492422798468,1.65057886622833,1.29396888341182
"0523",30.9468589818068,1.84989097527933,1.60588828523348
"0524",17.098835461992,1.19376469398241,1.37496831593476
"0525",12.4375032578058,0.489460499816166,2.43927320913365
"0526",16.2491170730899,0.963901172000023,1.61823707568543
"0527",21.2730054088517,1.18405547834984,1.72465283532975
"0528",13.4327488744424,0.777974901194221,1.65746435473713
"0529",1.96719782926751,0.455770772128974,0.414330069780284
"0530",16.6864109754947,0.776992509710799,2.06153632358005
"0531",8.45253178631637,0.385512591449219,2.10471420899727
"0532",7.84979384558396,0.855661889085942,0.880645154656026
"0533",6.63439952131639,0.712384753182029,0.893988419047928
"0534",4.61718810939168,0.407232643529349,1.08837829625844
"0601",17.7089377454924,1.16864480199158,1.45463779443822
"0602",34.7273208449523,0.698520640422485,4.77240095274124
"0603",14.1819446112119,1.2181939198387,1.11754300632981
"0604",15.5421407810512,1.18467390050136,1.25938032919374
"0605",7.2727347250021,0.743356355838777,0.939172949873696
"0606",14.415980501212,1.08787509515251,1.27206715567789
"0607",18.4188350644534,1.04022345046071,1.69973182691498
"0608",6.54656978524419,0.650050471971041,0.966744280872146
"0609",7.59339042986095,0.742424927808209,0.98181140553942
"0610",7.73172087921532,0.724788809527944,1.0240226804082
"0611",15.1014530747531,1.32153354758216,1.09694646492421
"0612",8.82212406820588,0.646858845845215,1.30920762881401
"0613",7.98131223106167,0.850690530792886,0.900632448622996
"0614",8.36421465969813,0.76679095559687,1.04711185396884
"0615",10.0825647062012,0.977097423318097,0.990553729689381
"0616",11.8795500290353,0.897850249410059,1.27010893420777
"0617",14.6441199967494,1.20036679084706,1.17110057672821
"0618",19.5653865053436,1.3670387790401,1.37389165262909
"0701",3.05050252452179,0.515704482019296,0.567826125721922
"0702",1.19787101427859,0.274744494203976,0.41852937586922
"0703",0.632533655340706,0.254224920937989,0.23884183812125
"0704",5.33548813572569,0.688362215903072,0.744049830872058
"0705",4.5143346996113,1.01817302888505,0.425615126377857
"0706",3.35646499288784,0.685209144244712,0.470222990992591
"0707",2.28139255567954,0.45046399359308,0.486166270750285
"0708",5.50814785587203,0.63876475784076,0.827769709423735
"0709",3.59083850991667,0.389800905971689,0.884296523595342
"0710",2.00580706490684,0.511947806379638,0.37610435127324
"0711",2.053583642882,0.558863528134251,0.352737405365393
"0712",2.29884510781647,0.620718671406367,0.355516522073207
"0713",0.702132017901609,0.323024908617196,0.208654450853284
"0714",3.72632004287071,0.636008440384857,0.562421819478337
"0715",1.86422544157738,0.372304215128535,0.480668171296137
"0716",1.52031725333113,0.396597220032848,0.36798443237855
"0717",3.70533837092297,0.638199050764878,0.557335372868899
"0718",1.28717007936251,0.430527143717188,0.286998935396501
"0719",1.42505296913694,0.468444972619209,0.292023171071078
"0720",2.68042751075358,0.481353740532594,0.534545408399005
"0721",3.40928130358695,0.543480883246825,0.602176013190028
"0722",1.90617711612425,0.424200112713202,0.431357506098302
"0723",1.7249992607971,0.394245551678134,0.420017126286806
"0801",23.7888759471361,1.77985987687813,1.28301872991902
"0802",25.1970566048201,1.86577205184017,1.29639132444492
"0803",27.4606320303191,2.17285163802707,1.21318028087844
"0804",22.8040952252213,1.89372842018398,1.15595262805767
"0805",11.024443179963,1.31814696745845,0.802856109072153
"0806",24.5172687798269,1.73382857565334,1.35740929750856
"0807",34.8943564568968,2.17883327588468,1.53736178576228
"0808",24.8365833259717,2.01142000451544,1.18531552856073
"0809",25.3921968187641,1.80125576426724,1.35322427492528
"0810",36.386832525515,2.10639733742712,1.65824555753263
"0811",16.6017556124641,1.00893132582249,1.57956425701303
"0812",13.6649217795664,1.47086750203485,0.891822623485718
"0813",18.4917210748517,1.36544774796481,1.30001132672461
"0814",30.1705008147254,1.72607531240215,1.67790615065218
"0815",28.7447701921557,1.38350382013658,1.99445097718355
"0816",38.8977911044062,2.4591115705145,1.51841887663954
"0817",16.6292910431022,1.63900121795678,0.973956018794948
"0818",42.515562011675,2.28829958902776,1.7835279905454
"0819",33.071913887928,1.77951347789574,1.78403320993475
"0820",8.63337877629428,0.936286247215477,0.885150336585492
"0821",36.2372805367038,2.15546529168318,1.61383619610346
"0822",6.35587532164027,0.96451923140676,0.632571127847273
"0823",32.4586676799061,1.88310722992548,1.65462859883276
"0824",41.7105164941358,2.05963720860073,1.94401551374529
"0825",36.1084566576143,1.83835212202274,1.88549381994903
"0826",33.3552131713504,1.66001152140111,1.92884578345098
"0827",10.7772362207982,0.974429465641993,1.06170015733644
"0828",35.5860757392327,2.18692145185105,1.56203874443851
"0829",60.9815627585515,3.22826256790983,1.81332056527044
"0830",17.1351103305004,1.36952707350516,1.20105023030399
"0901",37.9276370091791,2.11047464007711,1.72512486800471
"0902",41.339487522944,2.44948594283042,1.62007464351435
"0903",45.8851042290874,2.62525490518664,1.67781909091757
"0904",26.7166997004868,1.72071551621381,1.49045415405293
"0905",27.4228580396329,1.84570060644128,1.42625226876414
"0906",34.7053962393126,2.30780442642425,1.4435867689872
"0907",27.3176767753209,1.97939772537508,1.32481605637819
"0908",18.5665141119627,1.43404369867967,1.24283328050486
"0909",43.2736064702019,2.71296076242663,1.53117371947821
"0910",35.4615684666484,2.41928084825321,1.40707271261256
"0911",42.6585334925921,2.91782409545222,1.40343305950289
"0912",43.0233722553557,2.58449843842687,1.59798633753751
"0913",44.4696422424667,2.37077250211985,1.80060578850267
"0914",28.6022533892816,1.73712049740917,1.5805753066415
"0915",39.2569850172836,2.22555633304875,1.69325839853005
"0916",20.1446006841929,1.38932035677862,1.39187793951138
"0917",23.3446645472177,1.32929903214454,1.68581470151335
"1001",18.7005251248383,1.32132891425729,1.35858792756538
"1002",22.5735126511376,1.85305413688808,1.16938070867258
"1003",20.3840228714449,1.54690352540926,1.26494474871688
"1004",18.9301814796289,1.38635600186187,1.31076518692925
"1005",22.8091487125518,1.42919830933314,1.53200954352936
"1006",20.1158137002649,1.43750472203117,1.34330061188734
"1007",17.7503861286331,1.41475334569425,1.20440337239517
"1008",16.9512820119575,1.30697996716726,1.2450262435884
"1009",16.5130579180712,1.54565256356302,1.02555867681981
"1010",12.8368105542952,1.08457096664483,1.13617190314219
"1011",11.0122181345635,1.08323674023972,0.975879762052795
"1012",19.7608440348033,1.55513649163103,1.21978100453017
"1013",23.9833112394522,1.71962411138565,1.33881480214753
"1014",25.3670888069716,1.84282691108828,1.32138986466153
"1015",19.3877430912075,1.39502955158679,1.33410108191542
"1016",16.4249429128676,1.34617835280499,1.17124069574833
"1017",20.1606318120372,1.4532323467468,1.33172321326587
"1018",17.868343151861,1.29336500067228,1.32619708055211
"1019",20.167488582505,1.39416339335617,1.388618772873
"1020",17.7052155570146,1.53076443554791,1.11029336020883
"1021",19.2958454447777,1.66647971176998,1.11149795709697
"1022",15.0591052117616,1.21896916683245,1.18590891746426
"1023",21.3578557456347,1.39453619496691,1.47018756740532
"1024",21.1959027368475,1.46074311411202,1.39290968463564
"1025",20.5984769769762,1.56416673073495,1.26414518200811
"1026",19.024045353968,1.45993892738324,1.2508725776176
"1027",14.2071399199642,1.20500537381241,1.13178142440324
"1028",19.6089868125705,1.36438244928753,1.37963409300518
"1029",28.1203683548047,1.66204523498246,1.62413847045273
"1101",5.30810541111119,0.644340460533804,0.790804302118425
"1102",8.16474406185617,0.99707720449707,0.78606539171875
"1103",10.0321005282959,0.984441927877697,0.978242801795524
"1104",3.3469277590325,0.476903251615976,0.673691305862594
"1105",5.91732198480323,0.726458872321412,0.781914122355683
"1106",7.5510707232231,0.748427909165245,0.968508533166413
"1107",11.7237027813602,0.982683380809266,1.14523886036866
"1108",12.9018659078002,1.21870948483932,1.01624218877866
"1109",14.8097577314984,1.31790987403721,1.07871602376851
"1110",7.31257152085897,0.714617576076159,0.982293614706893
"1111",13.2101523801206,1.21481255174901,1.04386285653574
"1112",6.85100817594882,0.726602000981843,0.905112961163283
"1113",9.94243782056888,1.0880399531592,0.877188497684588
"1114",8.15558149826454,0.798892441382679,0.979967127019462
"1115",5.39197140845023,0.584361525721824,0.885749373966098
"1116",15.2092163573901,1.21188251885767,1.20473410430833
"1117",6.0761926935935,0.788921476580999,0.739337350761293
"1118",9.32065825264356,0.851794639497797,1.05040449046904
"1119",12.3891869142907,1.18781396711879,1.00124247520318
"1120",17.020033576347,1.31732728188196,1.24025679210608
"1201",14.5044825332479,1.29787518397413,1.07278872029307
"1202",13.0419071452297,1.22959291930675,1.01818017815251
"1203",8.33550924727336,0.891022343613197,0.898025007372206
"1204",7.74069498586053,0.732960277930379,1.01378159746787
"1205",21.6290686981003,1.64372686841829,1.26314455283488
"1206",11.3631050385346,0.977342129854505,1.11607990530302
"1207",14.226433754011,1.24414634954988,1.09766410888375
"1208",15.416688680995,1.39086937757683,1.06401964096149
"1209",13.7486420828126,1.18865279421999,1.11032387460551
"1210",12.2116977558147,1.11054293310622,1.0555664584868
"1211",20.9979872286621,1.41391872156685,1.42560138954388
"1212",14.9754535092528,1.37500237808428,1.0454937036257
"1213",10.4073857456226,1.03219516418761,0.967887139777409
"1214",11.2209764394173,1.14857702146693,0.937811199215954
"1215",24.0413340279551,1.39433774993552,1.6551427832788
"1216",21.7762934220108,1.62708185739389,1.284752421544
"1217",14.1257752176116,1.28852790222451,1.05235762333105
"1218",12.2832520655372,0.994016896747264,1.18621793230937
"1219",9.57696807825177,0.902622651351609,1.01851328855062
"1220",12.7025643943299,1.14119320997543,1.06850636598597
"1221",10.1720966161197,0.987699823653995,0.988622267134576
"1222",23.1462963150333,1.51019578249526,1.47127258713064
"1223",29.9689589378566,1.87676955177679,1.53287095580031
"1224",9.16607025751495,0.973006153696466,0.904299899480989
"1301",14.2747592825428,1.38301911528468,0.99079886046081
"1302",12.7306938641488,1.0732146017004,1.13870280280922
"1303",13.7731713645498,0.99788400634135,1.32494782543851
"1304",21.7839960868681,1.51050724228403,1.38439373792454
"1305",20.0257557219155,1.39004784201512,1.38294227947662
"1306",13.1471798206501,1.18719772874181,1.0630518159492
"1307",7.38850075242821,0.843906711724074,0.840440105698326
"1308",7.92877050461323,0.898414460217016,0.84717669817697
"1309",11.7606100132308,1.12767828834555,1.00112779162518
"1310",12.0943419953432,1.11407830479588,1.04210484694256
"1311",8.15554466693241,0.825994308384787,0.947808946186155
"1312",8.99151512349211,0.955206511318486,0.903608884983152
"1313",11.4920725846225,1.00105768236705,1.1020064723167
"1314",16.6730251544285,1.36367619680953,1.17367548454077
"1315",8.71632848069595,0.905077592350443,0.924469661505009
"1316",10.6680693956181,0.998926335800709,1.02517322928506
"1317",12.7052985744056,1.10728701350743,1.10146209624588
"1318",22.1871040407995,1.71530072394401,1.24166727950016
"1319",15.3103329909864,1.21458156446494,1.21004867179299
"1320",11.5719816507767,1.11867558570593,0.992998206390465
"1321",11.0838333881037,0.922386271382968,1.15351181236896
"1322",13.5777023167508,1.53215275050296,0.8506856470549
"1323",10.4341309039141,0.865642794462477,1.1570775047318
"1324",6.98598034400487,0.709014502169783,0.945838806934639
"1325",8.38211695276336,0.798084298888089,1.00820729855803
"1401",24.0594731033477,1.12973513451088,2.04434582878174
"1402",12.7362438434781,1.30099832259556,0.939743902381598
"1403",14.5428802965149,1.18953640526131,1.17359318572262
"1404",22.6858335345599,1.6986202986196,1.28204514704735
"1405",10.984063750127,0.699015901547876,1.50841512049386
"1406",7.25187314479175,0.693332628910602,1.00404562294941
"1407",8.30467156049827,0.632400313866171,1.26059410607863
"1408",3.18482072990248,0.186578985597016,1.63857812063577
"1409",13.2435539451917,0.688789790786688,1.84570688062636
"1410",14.7267365207495,1.25568086431148,1.12582821513018
"1411",12.5250902447662,1.08353086182029,1.10964603518959
"1501",32.2188795759575,2.13220337251389,1.45052993329672
"1502",28.3368695387189,1.89910056783316,1.43234882065936
"1503",22.1874969898222,1.44836753832088,1.47053178691874
"1504",20.70814486045,1.18285827295052,1.68055747687373
"1505",23.6785930579576,1.59728334203086,1.42304560732274
"1506",56.9742454603792,3.29785031443854,1.6584123773434
"1507",19.1444093746587,1.2253441289114,1.49978424097946
"1508",20.3184988231085,1.37970370157216,1.41367857602202
"1509",27.3109175219989,1.73257119231531,1.51317824699305
"1510",19.2910224240211,1.42790503079748,1.29688303726712
"1511",15.3012595889064,1.07963386162518,1.36049068791935
"1512",23.8500285954234,1.63606623001993,1.39937113472299
"1513",20.334013404599,1.38033452338352,1.41411146398162
"1514",27.1286340583996,1.70115903180542,1.53083329653162
"1515",17.3770201419379,1.04367593505967,1.59828610027761
"1516",26.0996849784949,1.69902949443609,1.47461699582275
"1517",26.3571828858394,1.59443922274385,1.58685011783389
"1518",28.1889675784574,1.79561862275729,1.50698856508965
"1519",24.0858357982392,1.66037881989207,1.39251353206536
"1601",7.64603123043801,0.688722019440538,1.06570496000955
"1602",8.46568028915038,0.796599942829656,1.02015574566432
"1603",6.3681675088243,0.971892234274515,0.62898639876978
"1604",8.01757893197231,0.861129989807674,0.893756920522557
"1605",7.05641834745923,0.85289715515721,0.794204863831872
"1606",6.84402892424331,0.744829788095578,0.882063166210018
"1607",9.8819933313973,1.04463686272737,0.908079971913041
"1608",9.06622432526374,0.922251607064099,0.943673865421405
"1609",8.79362249774864,0.934895818296528,0.902920447859929
"1610",3.80372540232923,0.590553988697854,0.618293153510317
"1611",4.00757292341932,0.735403971650115,0.523118826873972
"1612",5.99066046027185,0.828564522320111,0.694053996584064
"1613",7.24326998340748,0.849874100934073,0.818134988639265
"1614",3.6127589004278,0.525571874930982,0.659859921021036
"1615",5.95243913755076,0.539666652548898,1.0588008190654
"1616",5.5611476736743,0.544412854050265,0.980575289297438
"1617",14.8161842655382,1.23783530267204,1.14899567477194
"1618",13.6381786591309,1.32774162958761,0.986024465501951
"1701",13.4895164935356,1.16571499044575,1.11083329894086
"1702",13.3037403259419,1.15468575054425,1.10599927090171
"1703",15.565189852096,1.39616847376307,1.07019146433643
"1704",24.264436531808,1.77461788752146,1.31253303699412
"1705",12.9012053697746,1.20424199738302,1.02839843590063
"1706",13.4351982077473,1.33308325594779,0.96745704635411
"1707",13.8241010335915,1.33035331203356,0.997504335038088
"1708",15.6064846281824,1.309460026243,1.14408352404866
"1709",15.6683705896007,1.15781914793517,1.29905636473227
"1710",15.6367851569094,1.45896226979929,1.02884107889711
"1711",13.2434463916666,1.20166100783317,1.05794706107714
"1712",18.2821477240253,1.38172444578635,1.27013727122505
"1713",13.7973739432602,1.23208906950625,1.07497711296748
"1714",17.3719758530117,1.48184840495501,1.12535702860156
"1715",14.5316100324197,1.22912798528791,1.13491024234963
"1716",8.08705878554534,0.844750343721132,0.91898222352199
"1717",11.4773559578983,1.09512911397531,1.00605428219037
"1718",12.3811497337021,1.22848234289176,0.967468747811618
"1719",14.2838578992925,1.20786365893499,1.13520029143986
"1720",19.9372971674514,1.31835807861377,1.4517030358943
"1721",16.7089302629087,1.48887642860987,1.07729558447563
"1722",12.0336493128875,1.17979033765562,0.979123341117624
"1723",5.80688133027527,0.802992246653204,0.694187016385244
"1724",14.8337794209516,1.32725090030411,1.07286153731739
"1725",9.8130645943195,0.909042316980397,1.03625215021271
"1726",6.18921045113052,0.654024613307949,0.908418657249703
"1727",11.8387558579466,0.995464874386222,1.14162905164641
"1728",11.39140574508,0.898376698443473,1.21720500615516
"1729",12.7619748528092,1.0834446166233,1.13072255741107
"1801",12.3680957705375,0.696675409199666,1.70418699133476
"1802",18.592180865081,1.63811945882176,1.08950606968098
"1803",3.94636805772228,0.556243326090126,0.681047905607576
"1804",15.5570357579255,1.23159059170865,1.21256596785887
"1805",9.32938263462317,1.07020521589011,0.836817454123052
"1806",21.6370651151591,0.943256371360981,2.20198062024783
"1807",21.6400697921803,1.22601263904525,1.69437134251442
"1808",3.16041515525563,0.416754230270715,0.727962498017267
"1809",17.2843612919537,1.21767874972767,1.3625909383429
"1810",25.2696043333488,1.20323025892302,2.01601883170105
"1811",24.0750783268315,1.2274995584874,1.88274391177153
"1812",18.5021132587469,1.29927849305438,1.3669857055554
"1813",5.81175663390558,0.645050658760658,0.864885238183001
"1814",10.4602341884963,0.723631822624725,1.38761388944104
"1815",8.98924214869251,0.711073098549334,1.21353894562637
"1816",10.4053594639821,0.848274381831266,1.17751276628636
"1817",16.3086503044372,1.21566542009529,1.28780125803659
"1818",10.7347841620781,0.984962323638585,1.04620932378108
"1901",2.84551467821249,0.604652014602493,0.451752134992188
"1902",4.30005907568321,0.638647942485571,0.646335175955579
"1903",1.99006103973294,0.424896722202658,0.449601658239773
"1904",1.68771140695769,0.359806448526771,0.450271159686688
"1905",2.37597942210564,0.519847840226844,0.438744129690289
"1906",1.64406036709818,0.458515263116705,0.34419840277356
"1907",4.32679426083342,0.797553507797437,0.52077640973799
"1908",3.97106586512277,0.630652827252033,0.604451738665785
"1909",3.24443241786371,0.651668673245968,0.477921728107083
"1910",6.92335992065554,0.96395369770433,0.689454520934911
"1911",3.79121320709422,0.606378159355095,0.600177273037288
"1912",7.77004557422666,0.905036538019967,0.824142557421347
"1913",6.54392313289275,0.800089846794658,0.785134963728961
"1914",2.33669000810628,0.276117726469129,0.812365928672141
"1915",4.36793366720265,0.624955201654612,0.670922003200543
"1916",5.28459013445341,0.946910652701514,0.535731515060736
"1917",3.04086404867986,0.475182291465655,0.614301596951388
"1918",4.55635980982464,0.681744333171194,0.641566034264123
"1919",1.9491432365618,0.478977682072834,0.390636990119758
"2001",7.97346968870475,0.700078863033628,1.09331490748874
"2002",5.6395037316542,0.473515152389991,1.14327812825454
"2003",24.6173503138995,0.980824227136968,2.40932290205708
"2004",14.515189078414,1.08145955255553,1.28841954413417
"2005",2.76833707583724,0.365407107864406,0.727255251507112
"2006",26.2781287683397,1.92577993624314,1.30988348465987
"2007",11.4711297029025,1.25535685622266,0.877170220552247
"2008",2.8539716121673,0.395504886931057,0.692696004495314
"2009",3.51451111632133,0.518417085534993,0.650774463571338
"2010",7.96733149324888,1.03598050573103,0.738254650664666
"2011",1.46729210087402,0.598767302496184,0.235235786023322
"2101",11.3247908457249,1.02653468100477,1.05901338986612
"2102",12.3388921272496,1.12643960602409,1.05150936056891
"2103",12.5817968187084,1.10245045535381,1.09554059307811
"2104",5.50398152390959,0.635754114130753,0.83106056671644
"2105",24.6449711892502,1.94385152479402,1.21705474227016
"2106",7.9642223521878,0.789138285512735,0.96880227579004
"2107",8.51415352739083,0.838264635930109,0.975001356652088
"2108",6.38247586948101,0.709442472229658,0.863608452709007
"2109",12.2179891542103,1.0210694112068,1.14865433792489
"2110",9.09782867516149,0.829668438560378,1.05263564562
"2111",13.1880515221978,1.08715273186979,1.16448784945654
"2112",10.1729669832253,0.834819667407899,1.1697683071064
"2113",13.3669181678899,1.04177893032492,1.23168770819658
"2114",24.907786754176,1.72622783861849,1.3851024915602
"2115",16.7483201299987,1.11743663918758,1.43877616309201
"2116",8.66456435954141,0.800044291885893,1.03962709275503
"2117",18.4721669393684,1.23220217946461,1.43906615717931
"2118",11.236774328834,1.01899545682897,1.05855712314656
"2119",11.4043761104339,0.983175437873209,1.11348763621372
"2120",11.0368216313598,0.929608309062665,1.13969571312952
"2121",11.8994040960615,1.08093321736555,1.05674752132845
"2122",20.4938900347818,1.78358035591172,1.1030027845938
"2123",22.6646887412206,1.93091434357869,1.1267605633211
"2124",45.0445613864494,2.80081952053946,1.54383941866502
"2125",17.3550729131902,1.38746184409082,1.20074360325176
"2126",14.103310759473,1.14361276959693,1.18382352804283
"2127",13.3282770957231,1.16959326981209,1.09391616577919
"2128",18.3269843152696,1.50449680388258,1.1693502866033
"2129",17.6384618386672,1.60777785178755,1.05312411084823
"2130",20.0078927835371,1.62413046578554,1.18256583052754
"2131",16.5665628428269,1.36316200230453,1.16662110330102
"2132",13.6144981040166,1.24239678013794,1.05192846290555
"2133",32.6046093589117,2.46504971613381,1.26969148253908
"2134",36.3960316653818,2.65599848925139,1.31544016503893
"2135",16.8721334832361,1.44222627847047,1.12300447253111
"2136",8.05679507326968,0.732827302763167,1.05537199028616
"2137",10.5560566364987,1.01046811489608,1.00282230579351
"2138",17.8245336919847,1.54425676331505,1.1080096753333
"2139",21.442022390346,1.70915743989165,1.204283020307
"2140",14.1013630762128,1.467711662099,0.922285195603309
"2141",18.918922754617,1.79130758144795,1.01384398229696
"2142",12.3932698500336,1.23293060364543,0.964921895081599
"2143",12.8421126085887,1.1440542430724,1.07754333596207
"2144",17.2504746750043,1.52123790212457,1.08855104779291
"2145",30.9490736442499,2.15035697108956,1.38159890697243
"2201",51.589332435925,2.9588561399444,1.67371283159633
"2202",46.9717526925578,2.6701043013532,1.68870359133951
"2203",29.3788916905361,1.60857823150245,1.75322683216511
"2204",29.1434333676841,1.7036921014004,1.64208068287844
"2205",29.2779751171121,1.87426483694709,1.49952933989526
"2206",41.2687278670436,2.44782398174192,1.61839968080589
"2207",33.8695792700141,2.04296147801914,1.5914555456017
"2208",23.4805238493225,1.36546896650593,1.65071020156741
"2209",18.6440029164601,1.23876092854766,1.44476280059843
"2210",24.7520032986912,1.36352158812173,1.74258199975235
"2211",16.9074943133798,1.06582368100134,1.5227856387773
"2212",15.0543551637771,1.17685842662254,1.22795605267737
"2213",19.5901439951899,1.41117108094442,1.33260932539608
"2214",22.2562371336996,1.66906487668858,1.2800396123555
"2215",20.1631523351916,1.44539737197913,1.3391093989095
"2216",22.002996231551,1.2412717180585,1.70160930531341
"2217",30.9475450069411,1.73727425679346,1.71002597256082
"2218",25.0259636821344,1.52677353334065,1.5734794484592
"2219",20.2430785564173,1.47602963992134,1.31651669127376
"2220",18.3217389261021,1.18525507756574,1.48388332207102
"2221",18.3662156145122,1.43343670933221,1.22994599873387
"2222",18.9675508455621,1.35563746414761,1.34311309151407
"2223",30.0482038081432,1.7064109529302,1.69036220599056
"2224",34.8074779176459,2.0451855512318,1.6337467180133
"2225",20.7443804020262,1.12289944641655,1.77339094967129
"2226",21.986681328745,1.52358057007808,1.38528503950496
"2227",28.4175199226855,1.87451369448552,1.45526620257581
"2228",22.2618307601607,1.52255467820147,1.40356608791436
"2229",28.4014150519157,1.79482394027819,1.51901832311141
"2301",3.27247707612289,0.502210859573166,0.625511647867252
"2302",5.15310529035019,0.725710637470056,0.681632697267625
"2303",3.46363599561341,0.52303234270669,0.635694694716384
"2304",8.65878014408248,0.946197989990605,0.878455121487432
"2305",4.52963310742544,0.744660629732454,0.583914850689763
"2306",7.44504162514543,0.842859679099203,0.847923632181773
"2307",7.57546739808298,0.752500124257307,0.966379581556868
"2308",10.4246776278831,1.01329666839789,0.987576863091037
"2309",14.7183309536812,1.22836630643996,1.15020580859643
"2310",18.433192817633,1.77380245175675,0.997562701975712
"2311",6.68697796955715,0.620286157647897,1.03486259717719
"2312",4.71604505133186,0.703515893217595,0.643500546117044
"2313",17.2478020714131,1.53115812542177,1.08133087656301
"2314",9.32084094237957,1.12033743002853,0.798640148454147
"2315",3.98683301356499,0.483698780649662,0.791221246919249
"2316",11.054630410376,1.00609848099056,1.05474778449256
"2317",8.90577599633403,0.887760927928832,0.962987451702947
"2318",10.532153399956,0.971906466099043,1.04024968313979
"2319",7.31736690285626,0.809505595813184,0.867720512762608
"2320",11.0012980279751,0.948715173233512,1.11314815601855
"2321",13.6444630287166,1.25558605056252,1.04316943704162
"2322",4.35653706477058,0.62569439915253,0.66838090432757
"2323",3.9006695403538,0.555303414208945,0.67430084367279
"2401",10.7158006849154,0.931024053335933,1.10486346686627
"2402",9.12326004616686,0.889122554642406,0.984993386368549
"2403",13.276322127092,1.17622944316722,1.08350425863216
"2404",8.48991433346845,0.761436932387705,1.07032152124249
"2405",18.0239888578585,1.28807988773285,1.34323809093314
"2406",25.7324357446488,2.06398638328681,1.19679277009462
"2407",8.36934258800042,0.851354313633824,0.943682480385185
"2408",14.8581159550421,0.990100846353692,1.44055286096366
"2409",8.32309605193389,0.83415780264858,0.957814875901977
"2410",2.02430107133314,0.211395426224359,0.919230458263416
"2411",7.73890277608781,0.748062962647974,0.993084321551856
"2412",11.5071685662504,0.865093482564007,1.27688069985591
"2413",9.74716378746881,0.879636811136382,1.06370146186348
"2414",10.3790399118582,0.990644618616209,1.00573643813584
"2415",6.4275346510815,0.658296712951921,0.937276283212253
"2416",5.93610160888847,0.511144424392938,1.11481444174273
"2417",5.96343655514683,0.52131405340775,1.09810042151331
"2418",2.7261440498796,0.232702469797013,1.12458605865179
"2419",3.7806186737764,0.216240465101287,1.6783046431151
"2501",7.17315066286133,0.793251529665599,0.868048362621565
"2502",3.54913719026206,0.47893981727721,0.711355560577072
"2503",9.62609104197605,1.1885288692786,0.777472644786403
"2504",7.88227977276805,0.903031984859173,0.83790272013047
"2505",10.8787956743908,1.03139342501689,1.012514727919
"2506",7.3907830999208,0.84746545391892,0.837169391139618
"2507",8.94583469033928,1.06322957576604,0.807678844369449
"2508",7.16852236156682,0.946146689479263,0.727304137036309
"2509",3.28321970771339,0.535836424559349,0.588183180495088
"2510",5.26725823486435,0.587261136576184,0.8609902574465
"2511",5.41685713127955,0.781659081162885,0.665234694486451
"2512",7.23909443938008,1.01900661299503,0.681949362388631
"2513",3.52866432617702,0.528971839491756,0.64035776799949
"2514",1.76674288578329,0.377623338795328,0.449116914004534
"2515",1.74950994600144,0.335100879744354,0.50117077233369
"2516",1.97666789613287,0.357299910006705,0.531062566143638
"2517",1.48131616245511,0.245302079378547,0.579684141496049
"2518",3.23740934895968,0.450036062889036,0.69055009227333
"2519",2.6607399696868,0.475358257421553,0.537311677110498
"2520",1.79362124506652,0.38035379756018,0.45267641771402
"2521",2.05899524723375,0.412754449228227,0.478859897793471
"2522",7.48624476191859,0.78228141226697,0.918641157056895
"2523",5.09167872539273,0.674948467348146,0.724161221745922
"2524",4.91665946615224,0.586071135189331,0.805312953859845
"2601",9.68488471992652,0.998415591606102,0.931167884318918
"2602",15.0770945196468,1.73657862056991,0.833428015705706
"2603",10.7354392955981,1.13821393490043,0.905400666753158
"2604",8.81389738248351,1.05009417364666,0.80572089918961
"2605",8.74267089392173,1.05615750957384,0.794621527656188
"2606",17.7724174873101,1.38439916634752,1.23233863777747
"2607",7.96637600865979,0.989524865733174,0.772821110292032
"2608",13.5311752565901,1.38502310460546,0.937828418024163
"2609",11.6158949022942,1.28104040674949,0.870431768338343
"2610",5.81858140030996,0.824516005383134,0.677427638550461
"2611",12.310192223209,1.12091044346088,1.05423834088348
"2612",10.973772281482,1.13099169496693,0.931411113794901
"2613",10.0500438384091,1.3332733512826,0.723591814149502
"2614",11.0685709139529,1.10265426136958,0.963600639105662
"2615",11.8220728113322,1.01296799415309,1.12032181837968
"2616",8.82809681909027,0.855630510223029,0.990434393028647
"2617",10.8216901942286,0.780622256354247,1.33075790640765
"2618",10.4111266429809,0.953733284672832,1.04788995579837
"2619",13.7001089444139,1.17620477562395,1.11811370318847
"2620",4.70095048825906,0.0854864638707315,5.27877573713526
"2621",8.10815275587081,0.756841819491165,1.02839910198093
"2622",9.23457215927331,0.771262119896752,1.14936949160067
"2623",39.8686294577857,1.36613202214659,2.80145417480065
"2701",10.3934743269929,0.767063034535694,1.30069233564998
"2702",27.4815260378156,1.17726551850172,2.2408423776241
"2703",4.37446130680092,0.321746068432438,1.30513735020583
"2704",8.54017073616514,0.867126960122997,0.945428634444293
"2705",8.17405852578939,0.582527078065247,1.346996641304
"2706",7.40694014252668,0.735827023096614,0.966291122440835
"2707",18.6408756643224,1.05950788952134,1.68891192609702
"2708",1.92615284121581,0.171240815861787,1.07976276016971
"2709",3.96659906833144,0.403724548457689,0.943144064193285
"2710",9.88235576459099,0.51088739700696,1.85686436971917
"2711",3.25718013656819,0.461085192457671,0.678118339834059
"2712",10.7890256914509,0.880903370718172,1.17570629417481
"2713",10.260895403186,0.596320957155436,1.65177190829393
"2714",16.7655932887084,0.904460441144275,1.77940266888859
"2715",16.3724392757613,1.20840147892491,1.30060981763004
"2716",10.3383179137205,0.838464368509106,1.18361417941899
"2717",13.5766015496504,0.728917880701485,1.78795817913386
"2718",4.50731214328286,0.532226163563904,0.812954618679031
"2719",4.62223775764111,0.41428202342477,1.07102862900752
"2720",2.87978670888429,0.230091204737845,1.2014485916728
"2721",2.7072376834025,0.239371213104339,1.08567379049004
"2722",9.42658963611027,0.543226386071174,1.66578379368125
"2723",27.178591205055,1.41210854072926,1.84758211461145
"2801",4.97030590018498,0.758859569859471,0.628733485435123
"2802",8.33275270130999,0.795525913678213,1.00549299599007
"2803",9.47259043225432,0.930033007937577,0.977721770093338
"2804",7.9519422253939,0.897756853590033,0.850274930461639
"2805",9.60571271148287,1.06595169705345,0.865041525705005
"2806",9.4425635753108,0.953815905641275,0.950320821866053
"2807",5.36512113308792,0.660337174888667,0.779935470981257
"2808",16.0460636619799,1.28175972311283,1.20172965419914
"2809",12.9562343541802,1.21228937389642,1.02592918438604
"2810",7.18808631354005,0.899199935706081,0.767364853535346
"2811",6.22242912893858,0.64786873656338,0.921972194277642
"2812",5.88655222410954,1.00778277986592,0.560710844664425
"2813",8.98439102109499,1.11715578001965,0.772004436357467
"2814",7.04869961378021,0.805589991854231,0.839923686158187
"2815",5.8809226210426,0.659975188060273,0.855387194608224
"2816",7.34500306025106,0.907585807745825,0.776871470266579
"2817",6.57479881304682,0.769066691798333,0.820660165193755
"2818",7.94227841331355,0.957666726401274,0.796114614359947
"2901",17.6082290438461,1.02579057379085,1.64778999880424
"2902",3.02978367427635,0.538940681256235,0.539654175660314
"2903",21.4954491353642,1.40436348023929,1.46930475572995
"2904",5.63947187611013,0.496414961320057,1.09053211800528
"2905",4.21782564009687,0.429846778115478,0.941932614029317
"2906",4.74621182634929,0.555879055779647,0.819618389069999
"2907",1.15370113154379,0.480031139220582,0.230711262479951
"2908",4.1329447521798,0.579790733964912,0.684279008194963
"2909",5.86940670376425,0.628624155958127,0.896288916499371
"2910",26.1227339387101,1.26571154505943,1.98120207139224
"2911",10.9464187390417,0.903216243312926,1.16338967694402
"2912",17.1168083768514,1.00966396696678,1.62738691270377
"2913",15.4983661652294,1.27608035360261,1.16587712866111
"2914",7.5744370761008,0.710636068132788,1.02317048472003
"2915",9.20432102771678,0.955699005137944,0.924518298566414
"2916",10.8649855938092,1.01057277454103,1.03206357035294
"2917",7.72297508673303,0.788621468728564,0.94007158530683
"2918",14.2519224529446,1.17968990460997,1.15971286642364
"3001",36.653198822911,2.12622697684889,1.65480622665825
"3002",25.7022128170001,1.1954422113531,2.0638912802358
"3003",18.7096452336595,1.46010548480881,1.23005975066586
"3004",11.1958337665895,0.840848866855613,1.27815459600642
"3005",15.9370614408407,0.897854865987228,1.70391134281523
"3006",33.2538057612036,1.53563071314804,2.07873655779714
"3007",40.7288445150249,2.34924543895358,1.66425007283497
"3008",34.7324917237687,1.97512529641703,1.68805338586073
"3009",44.8147963325572,1.66724553349695,2.58027950100038
"3010",21.4475556488266,0.750320172698775,2.74394920914803
"3011",19.5455460202607,1.03109588048204,1.81967422412502
"3012",23.1693075935777,1.23748901385876,1.79728351509688
"3013",24.0578068977689,1.52844539732553,1.51095313438995
"3014",24.1536865548953,1.40070526562249,1.65531843813021
"3015",25.4212203067485,1.45375743952257,1.67860816738996
"3016",32.4501719334691,1.64257635998177,1.89642783800579
"3017",45.8818807405575,1.62483248427103,2.71067534958593
"3101",14.5248971052399,0.669552979956922,2.08244243470377
"3102",1.9735827384319,0.338424396383995,0.5598073068672
"3103",12.1199620091066,0.673522753801178,1.72740381354711
"3104",15.6558693019426,1.2259847419269,1.22584909185484
"3105",16.02923439863,1.04746519920106,1.46898737897777
"3106",11.4131352805676,0.879888049742673,1.24515218037781
"3107",19.542337614197,1.70882188473636,1.09780347780707
"3108",15.8891550175782,0.782863951618994,1.9483159871501
"3109",12.3271146581255,0.567518851530891,2.08509588396385
"3110",7.27953476843771,0.470989658828049,1.48366940333608
"3111",17.278862876573,0.872327855899681,1.90142983869742
"3112",8.87254956657098,0.671041450136073,1.26924065535538
"3113",16.3928850790674,1.00150935036465,1.57124993851394
"3114",19.0110804262567,1.13586846768054,1.60665874934134
"3115",12.9122625478219,1.05274878537446,1.17739581225522
"3116",18.5211146443464,1.44848238475206,1.22743581048797
"3117",12.1359736825837,0.962758089828916,1.21004727266979
"3118",11.3618245222923,0.832101231288272,1.31074074718743
"3119",13.4741186896522,0.997316032934939,1.29691781365445
"3201",3.95020114839205,0.585630631004422,0.64750080776029
"3202",6.02040853784304,0.647119114061796,0.893072307396844
"3203",7.46196330876821,0.817923407524126,0.875760513781606
"3204",7.82598093239996,0.809655512938068,0.927862014954741
"3205",2.16394626159964,0.302405547118788,0.68691279494452
"3206",5.53010129194718,0.618846698586075,0.857817487303921
"3207",4.63794480525572,0.644009471082137,0.691318548352238
"3208",4.00717158629955,0.485542743119667,0.792237433990263
"3209",6.48082956998392,0.667224284385451,0.932402960716819
"3210",12.9907481480906,1.03463294800605,1.2052933112485
"3211",8.23070030603455,0.837752547257226,0.943117751494504
"3212",6.65660802846103,0.706123640304281,0.904934447928198
"3213",4.78999659293472,0.511611573348599,0.898751714747344
"3214",3.33196050589303,0.377307562900637,0.847713739823718
"3215",7.2561030622657,0.669667477434593,1.04013359200158
"3216",9.20507548052154,0.809373837901464,1.09174969571366
"3217",6.3331304228268,0.713841992646533,0.851650150132109
"3218",6.29140823952822,0.913183128433237,0.661355356633359
"3219",9.66180062522983,1.07323385914397,0.86418872041905
"3220",8.24021971902734,0.799820442300619,0.98898835920554
"3221",11.1540738498644,0.997423642093505,1.07349183407186
"3222",7.31773791882856,0.811793133011435,0.865319251285272
"3223",8.87873686900271,0.92605554704493,0.920362755412836
"3224",9.2305102914547,0.783705211373006,1.13062312476849
"3225",9.33845786381514,0.934442724593792,0.959328538508076
"3226",7.87454150778205,0.815453360918634,0.926981436744778
"3227",4.53629761758486,0.501553372862947,0.868218973594513
"3228",14.0722628402944,1.18880163918518,1.13631680816694
"3229",6.1745695621306,0.558616763888995,1.06105430280835
"3230",10.7558043263567,0.996576605350895,1.03604135836807
"3231",10.829642073861,1.01557355298697,1.023640848702
"3301",4.43593433017878,0.78476386188075,0.542614006759305
"3302",3.48634843283576,0.718115033699457,0.466038352392179
"3303",3.20887982160032,0.638514005847653,0.482422896672277
"3304",3.87352499977665,0.66175086885744,0.561897022539194
"3305",4.85877022145496,0.588341641104087,0.792759876383413
"3306",2.83599769978695,0.610156733870286,0.446179233800356
"3307",3.45475359228344,0.728578759805625,0.455182397189776
"3308",3.72289579404144,0.590560643342025,0.60514753281829
"3309",4.60876598646295,0.692395077644188,0.638962797792909
"3310",3.27011459509579,0.59349897783568,0.528917436508939
"3311",3.34910490603592,0.686206201812813,0.468510145982189
"3312",3.88917393931798,0.731872491280786,0.510113516203114
"3313",3.29802875837174,0.621428179099866,0.509457996425454
"3314",3.44130445825625,0.552818112160674,0.597565782698179
"3315",3.13890385506864,0.488159084821131,0.617250606098221
"3316",1.82171703056143,0.450860333476917,0.387867845878689
"3317",1.04054173815381,0.297707361153752,0.335517223960148
"3318",1.66977703682324,0.348711537169928,0.459660362969242
"3319",2.94905738377015,0.461197194951914,0.613820592113415
"3320",1.48801058246452,0.353521612045998,0.404049839560437
"3321",1.74783704621568,0.300996745835694,0.557421900385943
"3322",2.92788157890824,0.470096065817634,0.597876905959912
"3323",3.14241272217699,0.516505583921237,0.58402722289454
"3324",1.5962833281659,0.336881062244701,0.454860545376432
"3401",7.80344831387112,0.902926484526178,0.82961969587681
"3402",13.3185311937509,1.3505635912571,0.946642900545656
"3403",11.0460014816209,1.07147793164666,0.989616104613402
"3404",10.8650150924511,0.860712338854995,1.21176161931128
"3405",8.70985927767454,0.959340817227231,0.871531529363332
"3406",15.6092648711722,1.39943917499098,1.07071357965318
"3407",18.1137539363752,1.33813041479498,1.29943604520285
"3408",20.1759556490874,1.53982879556857,1.25778544674917
"3409",11.1472843197797,1.0347191005594,1.0341689633149
"3410",15.3391751755085,1.5296921403016,0.96259335576447
"3411",16.6282485394849,1.45117006434631,1.09995035453267
"3412",29.3961132460722,2.04840432774016,1.37758725068859
"3413",16.5950274005153,1.28465851773761,1.24003847628663
"3414",22.1112240689392,1.53981835153103,1.3784409998069
"3415",16.1062541436322,1.46257532536783,1.05711246301724
"3416",7.82179295760508,0.800265706949073,0.938246594777148
"3417",12.7599869999333,0.941985244127092,1.30032232782648
"3418",16.5486694400832,1.1678949302741,1.36020446314537
"3419",25.1774687577897,1.63083100309245,1.48199928598821
"3420",15.2592970699709,1.2189443859421,1.20169851434056
"3421",20.4982573282736,1.35626082819716,1.45083695772276
"3422",15.1241906839236,1.17783552185525,1.23262900840538
"3423",27.9880938611409,1.78020611896487,1.50920390399855
"3424",26.3966367903337,1.88206751220926,1.34635096622597
"3425",22.0980503366066,1.99113627161582,1.06536362008817
"3426",6.59327271018704,0.700532476867777,0.903478148094726
"3427",19.4756454440725,1.20915079948417,1.54616657314996
"3428",18.6636408245346,1.21011184147463,1.48052499927021
"3429",19.3241392619827,1.35125357271847,1.37280291006319
"3430",20.5305681285569,1.44097888555801,1.36769178388429
"3431",23.0532004771353,1.44252547409458,1.5340963036172
"3432",12.0769580668529,0.95709557066438,1.21128723288853
"3433",17.6764667069279,1.37182658050015,1.23691863881358
"3434",31.7377163190856,1.86680335548937,1.63200689354759
"3435",11.1903441063401,0.957318664366916,1.12210062154512
"3436",9.70604167345248,0.926179993633277,1.00598532126011
"3437",12.5539789605616,0.961265116438294,1.2536696200683
"3438",8.72442708586221,0.952326912253435,0.879418804188546
"3439",17.9190404053484,1.19688362233319,1.43716857427694
"3440",13.1153133862119,1.1522724694327,1.09261805926395
"3441",25.0458077398554,1.56621205412022,1.53507418412426
"3442",13.9457271807746,1.20475854889369,1.11118414471209
"3501",11.456692711595,1.23665079027478,0.88931798046817
"3502",10.8716487458464,1.14267086198883,0.913311964366715
"3503",9.14043267815662,0.925595024569948,0.947961349586314
"3504",6.65155103917039,0.786561515658056,0.81177397110588
"3505",23.4156590941875,1.94306996746806,1.15681213327836
"3506",8.82155490999797,1.04240008889582,0.812373203814544
"3507",12.1992524182909,1.41211601146836,0.829292481253531
"3508",10.835628804774,1.07197006036376,0.97032305608462
"3509",11.7282294629699,1.18900861297489,0.9468743270061
"3510",10.6276375035567,0.896944920809249,1.1374068659463
"3511",9.53908552330553,0.895816869183777,1.02219180256492
"3512",8.82835032194454,0.896729905907913,0.945067421376182
"3513",10.4227283548804,1.06714791752908,0.937565645648063
"3514",6.28376998560655,0.735531069898966,0.820094963172058
"3515",4.75456620809756,0.670126819883193,0.681081035217046
"3516",3.6270639509048,0.604833817586492,0.575657324872937
"3517",5.12912285620582,0.680887368172652,0.723123894275623
"3518",9.47792785542422,0.694232835656658,1.31054861363293
"3519",9.26295143111875,0.817361831750153,1.08787731568747
"3520",8.1220412239529,0.88576220976344,0.88022344029811
"3521",6.82890305107853,0.819971420591398,0.799460699450464
"3522",4.27046824379742,0.775837670071928,0.528383834082763
"3523",7.81213245191125,0.777789744839678,0.964167022190426
"3524",6.72785375971704,0.765608403352932,0.843557593003477
"3525",7.27987896086004,0.707465929502708,0.987787478402339
"3526",3.92065717364844,0.549075937570159,0.685442998579016
"3527",3.35659692425662,0.476021621884598,0.676888912376861
"3528",6.85816319220887,0.756736826959943,0.869977124326075
"3529",4.3663096254066,0.55372858145068,0.756941778500332
"3530",3.7154071537858,0.493704185446337,0.722411235222594
"3531",6.27646578516088,0.690904701382806,0.872051042303449
"3532",9.7798950100549,0.989966468472525,0.948328048044242
"3601",15.6948004568439,1.01654401759971,1.48208972813106
"3602",15.060720270667,0.934392863069662,1.54725223024586
"3603",17.8995066174471,0.991000236234007,1.73385266357587
"3604",7.9205857827301,0.743447345635952,1.02270875647941
"3605",18.9900816041923,1.23795311726574,1.47254142474528
"3606",15.6014055916069,1.11579595458355,1.34222039194429
"3607",16.2335613879036,1.07460811560058,1.45013548289213
"3608",14.1329977010438,1.01177000477235,1.34090304192803
"3609",15.1235867234291,0.964861516794658,1.50464727777889
"3610",13.2705728907929,1.07379234237325,1.18635388550092
"3611",13.8642116536529,1.03998201198842,1.27971788597251
"3612",8.34949415829156,0.70795565007349,1.13213704365067
"3613",9.33763615696856,0.990977265816938,0.904519937188459
"3614",6.43650166555056,0.666302820016365,0.927306112139399
"3615",12.0300379479896,0.988403975941908,1.16836194039326
"3616",13.979030322373,1.11343452323982,1.20519480704458
"3617",9.34446561857832,0.811372886883865,1.10555121729639
"3618",8.70978409359589,0.932099568855059,0.896994892307482
"3619",12.1300157046149,1.13724949004742,1.02388339571857
"3620",11.4691804453573,0.931484142600004,1.1819573546346
"3621",8.73966335601917,0.845662919348295,0.992069970651096
"3622",8.0103929408942,0.807029314843859,0.95281678176999
"3623",9.50513048332614,0.73531842748941,1.24087353187963
"3624",6.67613954154874,0.580714410752402,1.10358983048823
"3625",9.15215323954909,0.77491498868732,1.13374167118647
"3626",8.77048537402809,0.706719170414058,1.19130137834676
"3627",6.93003826575819,0.90272574443798,0.736927379319939
"3628",13.31071526568,1.02502850615114,1.2465518218779
"3629",9.24651521002803,0.623251402695965,1.42416304258654
"3630",8.18166715190396,0.767460198406254,1.02336564560923
"3631",8.7585072279457,0.746658993550598,1.12603704878706
"3632",14.0284544486557,1.0642094075884,1.26539938859482
"3633",7.81380230249292,1.02834765814275,0.729402660826429
"3634",9.05037086613805,0.641213745701162,1.35490373529707
"3635",22.5592802168797,1.19494355819735,1.81226930271269
"3636",20.760876142216,1.18854789364546,1.67677147998662
"3637",26.2214983313195,1.24118552193511,2.02798944792546
"3638",13.8128816381753,0.966901008354729,1.37134638169125
"3639",16.0942540404545,1.03461472613505,1.49326568189845
"3640",21.8020459471663,1.3171513107477,1.58893623815825
"3641",12.7567449706621,0.55754331401036,2.1963732659314
"3701",4.66872880168719,0.466278494956586,0.961165444923781
"3702",7.65873469925064,0.751574682780987,0.978204758699122
"3703",4.95918161412551,0.67786779589744,0.702279350802915
"3704",5.38891541194415,0.598099566759951,0.864913680697119
"3705",9.92676262673752,0.871277497526331,1.09369449723327
"3706",3.72967198684265,0.554011932684577,0.646243826575212
"3707",7.49678654093923,0.781913299471827,0.920367835656558
"3708",7.01797977485879,0.804081854346927,0.837831604091006
"3709",8.82421474453412,0.726471548386819,1.16601019046104
"3710",11.545320139844,1.06963204054768,1.03613528609573
"3711",9.88774082936123,0.971939733892992,0.976568305832661
"3712",6.74009119780834,0.811807688046721,0.796998493898969
"3713",7.05040010139125,0.766183779214681,0.883335527009043
"3714",12.0650553715337,1.19825359528847,0.966552539894255
"3715",3.53328136415298,0.645121740197663,0.525752604657864
"3716",2.87355682058596,0.495305853367943,0.556917950828639
"3717",4.33316679977001,0.573392011513761,0.725435253090799
"3718",6.54648969403483,0.813792124945708,0.772217951615683
"3719",3.5737545386054,0.597011575385063,0.574628095049603
"3720",3.66943994188303,0.548431279965656,0.642277125053729
"3721",9.08022645501932,0.924470953099017,0.94286235703112
"3801",9.91174709523915,0.943786872129111,1.00814074567381
"3802",16.942104183304,1.50328772704891,1.08185765878344
"3803",14.2975293948811,1.3896053303886,0.987675803762682
"3804",8.70982603289108,1.16335829449398,0.718688801438229
"3805",8.68120582168721,1.11728305659643,0.74586757561976
"3806",12.5568673762952,1.30938461684279,0.920574542342313
"3807",15.9652219251184,1.3654011484962,1.12243082155463
"3808",10.8717607448544,1.25500054640503,0.831573917501199
"3809",20.4429714155481,1.51103315128251,1.29871816943599
"3810",15.93149560348,1.30933133385212,1.1680242906
"3811",24.2627888146216,1.58736215567684,1.46726846537736
"3812",15.205760876223,1.00686441281206,1.44971306587038
"3813",25.9603443759057,1.82256466780122,1.36732700162252
"3814",17.2380255670207,1.06845739254279,1.54872817763157
"3815",17.5788404990551,1.1837934781012,1.42547357323541
"3816",16.4240318250477,1.12080803657648,1.40667389951214
"3817",16.4030301399997,1.20181647852231,1.31017954911746
"3818",24.9944978116827,1.60969469701199,1.4905473946655
"3819",31.1082960487777,0.370715499402992,8.0552749191363
"3820",10.1536716560434,0.813952240251457,1.19748223770082
"3821",13.0000470944907,1.31387866109546,0.949805224396774
"3901",6.93383598024272,0.79355760330064,0.838764410799856
"3902",5.15679343793711,0.81236604967803,0.609358478411899
"3903",16.735808850451,1.60095733772679,1.00348719631189
"3904",5.52586466569338,0.649800064655936,0.816329294826291
"3905",8.97260951744913,0.856384268735307,1.00576142507615
"3906",22.6912083244897,1.58173980693646,1.37710630376932
"3907",35.5924808327229,2.4391751359892,1.40074849079054
"3908",16.0700601023778,1.32837478871465,1.16129288244971
"3909",9.53641253700982,0.80527315109691,1.13680689330515
"3910",14.4773609361513,1.20958342429294,1.14894294549951
"3911",4.49227073596304,0.521191223851835,0.827396568870838
"3912",4.29297054394546,0.592472690872025,0.695559776613673
"3913",8.9493190044268,1.0228617364129,0.839881362586405
"3914",8.18732767619627,0.900830031183377,0.872457346651173
"3915",23.9705445637817,1.76844452914321,1.30116192507824
"3916",2.79986586576169,0.564003038481023,0.476541436876129
"3917",6.08742088138522,0.707616130826543,0.825810675645898
"3918",8.5876853684558,0.660961882173275,1.24722439831373
"3919",5.71089352092559,0.555233049291481,0.987355709215348
"3920",22.220117774013,1.87890137320949,1.13523889011632
"3921",24.6462388120558,2.03264847079729,1.16394715314405
"3922",12.2984073138139,1.2258173269104,0.963092507833203
"3923",6.11491030039901,0.655143552794179,0.89598039503797
"3924",18.4289732996657,1.69837546356025,1.04162722280753
"3925",12.1023244276458,1.24085838824944,0.936249195975065
"3926",16.4484124910981,1.07463552787454,1.46929053844037
"3927",16.0595455490005,1.04374164012566,1.47701575964781
"3928",18.0453649808001,0.997839023315469,1.73600141126226
"3929",10.1031359721465,1.00219916473574,0.967714056047223
"3930",19.6918917115994,1.2198235894047,1.54965598867903
"3931",11.6112329549295,1.0953639643735,1.01757112979222
"3932",7.29853777338259,0.741019403584395,0.945477433538752
"3933",8.86157543656923,0.969053449208817,0.877825302683242
"3934",9.84457935297655,0.91948265843745,1.02777608717396
"3935",15.3094133540244,1.08842926765633,1.35021592375642
"3936",11.2745523332374,1.20023711010099,0.901731298422631
"3937",9.42031774991961,1.19273237835014,0.758171457471207
"3938",13.5812729546942,1.20224518047284,1.08440702077517
"3939",10.8767105009465,1.30639715809401,0.799221631899358
"3940",5.15745514449168,0.505463024632053,0.979469586883304
"3941",10.0245476288401,1.19709435103073,0.803861612528144
"3942",10.5704735291197,0.895690257806312,1.13287366229962
"3943",11.3356533026367,0.944326402432605,1.15230994511
"3944",7.92354899211429,0.968524443167479,0.785333366208759
"3945",21.3124918838621,1.57831505515718,1.29624000157262
"3946",28.8759722093787,1.65171096020426,1.67821443485289
"4001",6.11669757850445,0.579454638165529,1.01331029015157
"4002",8.46431977467572,0.937111774169448,0.867052820808843
"4003",17.6318020176094,1.4662605680143,1.15433119698409
"4004",14.743037614915,0.888968906546151,1.59200816353801
"4005",18.0770559805276,1.53852781075743,1.12789128150906
"4006",6.22569625682911,0.564722024143003,1.05827391239405
"4007",12.3120389698409,1.11564002810253,1.05937758895726
"4008",7.47990969217143,0.713542620193154,1.00628575166346
"4009",9.8652275390956,1.03694887639672,0.913260447157788
"4010",5.12350311507938,0.452610642248795,1.08664361131753
"4011",9.60851407561836,0.689748115610892,1.33724380844966
"4012",5.97387032560445,0.573250125046485,1.00036046733565
"4013",7.49712253368497,0.772145134592859,0.932052890331828
"4014",8.60513726301338,0.764765962162337,1.08012530227464
"4015",5.07183751808891,0.575867224817686,0.845449863076905
"4016",5.32457286607307,0.521763124989628,0.979616924842938
"4017",6.59977306249256,0.598445258264692,1.05864282839324
"4018",5.45306104111733,0.456562027450795,1.14653009468853
"4019",4.92501705943077,0.508134126159987,0.930409773713069
"4020",4.05576022355203,0.420617474733357,0.925613857040657
"4021",3.30258104932794,0.400749956196781,0.791088167487726
"4022",7.1966791718738,0.476910970235606,1.44857076988844
"4023",6.79821528763819,0.59111809656656,1.10399103435147
"4024",12.0728555748228,0.896179091909144,1.29318329396263
"4025",10.4072778683859,0.771184275102025,1.2954595961373
"4026",6.21914171497864,0.495928551491713,1.20380523819667
"4027",6.59167769027899,0.540637091045563,1.17040188832449
"4028",14.2761262077734,0.867232449790229,1.58022797764664
"4029",6.88952146382292,0.716121612223926,0.923521827527922
"4030",8.74185061618066,0.984407477502024,0.852458733802192
"4031",8.31002740183242,0.777638592535191,1.02581616393314
"4032",12.5242006503589,0.914291465754854,1.31495302534538
"4033",5.28499775897098,0.474970020905444,1.06812848358666
"4034",6.9022273843257,0.736810335701502,0.899245847031999
"4035",8.81843475288723,0.7878525626189,1.07446294284588
"4036",7.14675775691411,0.681059404125471,1.00732347581318
"4037",19.1057141028369,1.28231703641937,1.43025261419171
"4038",24.618516909342,1.75649057573653,1.34542951288623
"4039",5.47781043411501,0.52323856598055,1.0049677840183
"4040",26.8010954292839,1.83487423064108,1.40213920094094
"4041",12.1629422431559,0.774586810248175,1.50734767253556
"4042",13.4845939715999,1.04745761929706,1.23579462421626
"4043",6.49793732106329,0.645680313589723,0.966057241599226
"4044",18.4614840054575,1.41256318503837,1.25459517464175
"4045",22.1452120176228,1.5729672535172,1.35146576535532
"4046",19.317610956405,1.61015335471768,1.15167797657873
"4047",2.90517180420869,0.421163948799957,0.662163929288484
"4048",15.2200955844585,1.21836306348168,1.19918322142183
"4049",17.7756094099434,1.40287420098526,1.21632787001394
"4050",16.1923565697516,1.21382515941646,1.28055669631469
"4051",6.36272722140906,0.578724902156608,1.05539740598978
"4101",4.22198418488748,0.606893491484417,0.667803990505978
"4102",4.14626915487931,0.632660133513152,0.629117708513911
"4103",5.03115595198204,0.668229907377746,0.722747766299168
"4104",7.07016093746425,0.995629058878949,0.681673833777238
"4105",3.78339733840691,0.516448363132416,0.703234123987297
"4106",5.61330037296321,0.792289305025486,0.680110338313471
"4107",3.79718403125276,0.562933443357729,0.647514477529751
"4108",3.72107288666903,0.820020138292967,0.435600677502104
"4109",3.6213208880899,0.662723186986408,0.524541352505305
"4110",6.05706575860528,0.829529878141853,0.700930798757407
"4111",4.54412107099609,0.670781987553541,0.650299454446003
"4112",5.24098299359307,0.792937497983854,0.634481088733461
"4113",6.57956345082005,0.9645995615906,0.654779248266045
"4114",6.44412000836546,0.821251904330081,0.753237819992681
"4115",7.76142328934657,0.915367951112955,0.813936556288902
"4116",3.71799755784824,0.625394688336541,0.570689391522005
"4117",8.93761315093246,0.93769197642027,0.914968706913516
"4118",5.51955836292926,0.916519335622683,0.578106145308415
"4119",6.22534522934238,0.894254380898119,0.668262747239968
"4120",4.43784082988573,0.830447840934395,0.512984507064569
"4121",6.33516107159697,0.839718001696808,0.724217617623788
"4122",5.03635693321755,0.755396734098262,0.640009302422886
"4123",6.81894781273577,0.94973148578907,0.689225628846054
"4124",5.28527181157756,1.11252012536782,0.456041472027689
"4125",7.61061375199398,1.11494500753964,0.655256174578003
"4126",5.57108519299646,0.828475188448646,0.645513279454668
"4201",7.57168882127631,0.963949387279727,0.754020951123952
"4202",4.71990696956612,0.640442869862411,0.707453552017613
"4203",6.68581637320789,0.752263216119931,0.853158075336708
"4204",2.80760499053521,0.462810413562674,0.5823415406662
"4205",7.25403653538236,0.903413019602967,0.770793921599814
"4206",6.42087131753466,0.653084983252604,0.943776493036912
"4207",5.49918434987121,0.725318006413989,0.727804451208828
"4208",5.63280678071345,0.714276459364455,0.757013116902178
"4209",5.56921587435417,0.63805461939643,0.837878570088825
"4210",4.66092413948809,0.603892829034257,0.740895658021718
"4211",7.10962866673171,0.839685742313277,0.812783777748741
"4212",3.81955312102054,0.650254517253185,0.563863605841711
"4213",13.726430272695,1.34966265606121,0.976286456247866
"4214",7.58129299871988,0.860496774163487,0.845743994386328
"4215",10.4117665827233,1.14570571442007,0.872360980161294
"4216",5.79786108945105,0.764419307999035,0.728083259371
"4217",9.45058070944203,0.956787153180065,0.948174011881592
"4218",12.6808953728239,1.17545828970734,1.03558937008705
"4219",8.27214002000641,0.935721572965371,0.848625587825875
"4220",9.23061754979486,0.893012599840738,0.992243033652571
"4221",4.7584019377207,0.554956265772525,0.823089861475317
"4222",5.69394558848433,0.736018021677447,0.74262531927899
"4223",2.72364554902092,0.396393217715253,0.659582707600014
"4224",14.2858423436085,1.24247742564736,1.10372844160626
"4225",11.6652648154954,0.802203582435247,1.39590188232116
"4301",6.44467720540101,0.728988434235832,0.848643754412321
"4302",9.75561952863011,1.10728591009913,0.845746031159328
"4303",3.84680965674829,0.594141104631642,0.621521255874397
"4304",4.24587163255575,0.719539895590455,0.566443853625117
"4305",4.17958794047367,0.64789475256718,0.619261232264069
"4306",3.31062945886009,0.694630488992607,0.457511085318655
"4307",3.45129099323328,0.666957749963392,0.496738867047222
"4308",3.7091781479929,0.624004544800318,0.570604020640101
"4309",7.50432661531874,0.698954881969578,1.03064113710396
"4310",5.30921111085229,0.707357680330881,0.720503025735025
"4311",2.32583165382709,0.327118119979694,0.682524998986867
"4312",4.38284763193713,0.587766009332997,0.71580840485589
"4313",5.77097347744462,0.746351854194376,0.742250245652398
"4314",5.07440500948432,0.695650881031079,0.700226714114152
"4315",4.98781573347459,0.699650748396272,0.684343246169602
"4316",6.15961667370721,0.822570205578021,0.718829015108659
"4317",2.96727372885024,0.485434512684821,0.586775334035434
"4318",4.09913182166392,0.652196086026116,0.603335089562692
"4319",5.69152838486487,0.728838251884771,0.749622538964339
"4320",3.09912329127465,0.663051646337533,0.448679661917108
"4321",7.09266312186131,0.648408703030471,1.05003889223989
"4322",7.61095852072273,0.655432467723777,1.11469561285665
"4323",6.92920872688726,0.695397960799521,0.956522342153108
"4324",9.70440473931542,0.878711378050296,1.06015054039952
"4325",6.10945137055824,0.749597086613779,0.782382648274786
"4401",8.05364207525245,0.949206556569585,0.814472607941849
"4402",10.333689389139,1.09627352062662,0.904859950947203
"4403",7.88790507162371,0.802410153297651,0.943648269277558
"4404",8.09375384435103,0.939655858463841,0.826848711528591
"4405",7.74803662404293,0.75457685733876,0.985673478744158
"4406",16.440761295723,1.38358275652101,1.14067433678223
"4407",9.96163938537067,1.08604479342056,0.880497172978675
"4408",8.13109859039618,0.697004921340579,1.11984591514308
"4409",9.74585229329378,1.05752343826911,0.884656578054196
"4410",8.5210546677563,0.768095594391365,1.06493466767041
"4411",13.1310151094277,1.22091000274573,1.03242743564332
"4412",8.31860619568763,0.76392915810179,1.04530340765802
"4413",10.8568578747064,0.886611741658832,1.17548085945883
"4414",11.3286892069221,1.06070729221152,1.02524815309964
"4415",11.0357966148296,1.02489498557441,1.03363976214282
"4416",7.15665010061156,0.877564547968492,0.782844675274439
"4417",9.57100333203204,0.778642113074362,1.17995234090133
"4418",9.87523409852632,0.90096621794544,1.05216482825812
"4419",11.1618911768893,0.994787821823734,1.07709054057799
"4501",9.79863585827907,1.22071720737924,0.770540445636197
"4502",5.31353863951604,0.764073935956765,0.667564672085527
"4503",18.7467494341319,1.7750905477596,1.01379548104385
"4504",19.7100409648352,1.52349476316094,1.24191378849739
"4505",11.1058640957682,1.0972166253574,0.971638831030297
"4506",6.32161041861794,0.944236761399342,0.642675451430529
"4507",7.90872888097167,0.846161260770833,0.897218948726619
"4508",3.54378634218821,0.534826671357762,0.636061868573897
"4509",1.67388323105615,0.417210802025699,0.385136342830168
"4510",1.42564434671638,0.321140608860353,0.426148395452132
"4511",2.62803294065323,0.483667139429296,0.521589824151016
"4512",2.16225423426563,0.445500762652803,0.465911244621485
"4513",3.07413491888071,0.523097333504993,0.564137936438334
"4514",1.37446470458209,0.23773130749066,0.554998872331679
"4515",9.7232738546688,1.0129580646781,0.921437619219967
"4516",2.60412719023399,0.469021897479831,0.532983740670491
"4517",5.17293600695215,0.689150331418158,0.720556473569639
"4518",2.79361818051421,0.417078653088088,0.642974832141923
"4519",2.40107038497776,0.41569625750653,0.554464396516649
"4520",16.3889768528293,1.38858214799606,1.13298758772922
"4521",2.23438125556221,0.551179156196419,0.389143142326247
"4522",9.95193672268041,1.14171240020433,0.836750105410358
"4523",11.1155800501933,1.2370753999621,0.862543183969905
"4524",15.2949157420587,1.52965171692469,0.959841267462302
"4525",7.20704802672338,0.831317958859549,0.832214237203602
"4601",28.0949933999955,1.83249755529519,1.47173771123541
"4602",17.4825773379789,1.2854257620064,1.30557957209309
"4603",27.7251611355396,1.37539295193113,1.93504991459574
"4604",10.2095122262962,1.05250316414302,0.931164630177537
"4605",16.3323756490682,1.2519352622801,1.25231152081872
"4606",13.6785861855449,1.46413318034374,0.896820477462921
"4607",36.4360639183127,1.2362906262919,2.82914864823662
"4608",31.308671372476,1.63759540637534,1.83528246170198
"4609",28.1966839272241,1.13348079971039,2.3879693921547
"4610",21.3202717955541,1.19460350739156,1.71322277486422
"4611",22.8609755162692,1.45630223502252,1.50691282899038
"4612",14.0547043489276,1.30906125308799,1.03063914547842
"4613",17.6624320600144,1.12473976367695,1.50745148079717
"4614",9.6727124411075,0.944732891109491,0.982842954831288
"4615",11.1693761295907,1.20849356094947,0.887216199809586
"4616",61.7591011623444,1.85538235817398,3.19530582858483
"4617",48.6365725551812,2.36102238708592,1.97746017165057
"4618",35.068264024046,1.41812010773245,2.37381101307928
"4619",43.2924916247166,2.30021053134694,1.80671596344149
"4620",12.0644805176246,1.1090310333611,1.04426281907185
"4621",11.7766020546972,1.06446326289816,1.06202370408704
"4622",22.4067793959476,1.58338000623401,1.35843595965047
"4623",25.7376584612119,1.47280897209469,1.6775192019326
"4701",8.90220244376321,0.588904458331072,1.4511005671325
"4702",10.114203708346,0.858988463322608,1.13028835467859
"4703",6.47681417824897,0.664161896907771,0.936121820439498
"4704",6.06274681132131,0.48276548504386,1.20553023380264
"4705",8.48196550569671,0.676443252462619,1.2036771623671
"4706",5.84047028830833,0.585009827372316,0.958361911238332
"4707",10.8920315908202,0.641672965910283,1.62944624373303
"4708",8.00650588115984,0.697513708322236,1.10188220001251
"4709",2.94950407936136,0.373098751036157,0.758874734036454
"4710",2.46961747881842,0.456743383705924,0.519041774530531
"4711",8.25901008286199,0.713586016627942,1.11103196239835
"4712",2.19941537306234,0.357696054206149,0.59025271664258
"4713",10.712755894307,0.757452322913749,1.35765928762538
"4714",4.72766024869264,0.326510519950898,1.38993332546353
"4801",7.03245288854473,0.726886548079819,0.928720618454579
"4802",13.2254199435777,0.981385670175171,1.29364360637166
"4803",13.9513136894255,1.29685332016385,1.03268800658643
"4804",11.3107051889658,1.06134076288875,1.02300963958869
"4805",9.46546372965981,0.762725118789225,1.19129339579238
"4806",10.3637381041736,0.939455693864997,1.05897331002751
"4807",12.3240935736474,0.937893538553121,1.26138113362751
"4808",12.0733342743966,1.05977847658838,1.09359626377568
"4809",7.57645319601864,0.679383184139787,1.07052309071098
"4810",5.77229342971714,0.696269814582923,0.795821595658808
"4811",3.06795779365304,0.267811238762703,1.09967783126121
"4812",8.90981171531087,0.85524218851871,1.00005594989316
"4813",8.36240829870103,0.779201866036274,1.03021121223503
"4814",7.59665680620586,0.651795994920753,1.11880837051664
"4815",8.81706876762209,0.834466881104295,1.01428501896844
"4816",9.09550927885985,0.86404167630896,1.01050209483664
"4817",8.12967724727472,0.888469443304061,0.878366362756488
"4818",9.12025371488206,0.553337456362267,1.58220130524554
"4819",3.81674617106125,0.60422907905666,0.606368376932747
"4820",10.6951822499421,0.701006634564238,1.46457274866578
"4821",24.296639827728,1.80325231521585,1.29340520714038
"4822",3.20487275055754,0.541257921726522,0.568396523047987
"4823",12.9831479737108,0.767474160552516,1.62390691883387
"4901",6.58533456855981,0.849544667775865,0.744108925039232
"4902",14.0783645420344,1.18944882271149,1.13619097031524
"4903",15.4417548149253,1.33390501193481,1.11126244026222
"4904",11.6033447679449,1.12438785771504,0.990631052357995
"4905",13.8095323072147,1.39984843291699,0.946984439044467
"4906",16.0410131869128,1.15880650360809,1.32881878711656
"4907",15.8549159108369,1.52093660331841,1.00068575805403
"4908",24.7686213825314,1.80030156884048,1.32069174196236
"4909",17.1794824825229,1.8378638620323,0.897308178971684
"4910",13.6228712199592,1.08990419603605,1.19984518857335
"4911",12.2613449069977,1.00693911285708,1.16890653393622
"4912",13.3422403761911,1.32416637613302,0.967232971573664
"4913",4.88018555311697,0.705739574638673,0.66379924073571
"4914",10.0739510678133,0.968686072405427,0.998301374780536
"4915",10.3986399699786,1.18720544364288,0.840805512618797
"4916",14.6666177035071,1.29470501218163,1.08743681119259
"4917",14.1871178701346,1.27843243176614,1.06527389665671
"4918",21.1934637854651,1.52383396701083,1.33508580942879
"4919",13.2443361655763,1.15841548329335,1.09751566954839
"4920",18.2981473876793,1.50078175324548,1.17040041824587
"4921",26.7127650694768,1.52291028996382,1.68379575889602
"4922",18.0552675133847,1.6158029139238,1.0726559057509
"5001",22.1340856346896,1.51712807086505,1.40050360018308
"5002",23.700159737257,2.09677407065069,1.08503693888298
"5003",26.7883644474453,1.63024349498775,1.57738828301762
"5004",24.4633549487046,1.59752232236661,1.46998860809238
"5005",28.3035597265004,1.95150994869479,1.39224343307605
"5006",22.2618070475417,1.60632309636872,1.33036986262387
"5007",32.5468324884,2.11874169283637,1.47460466561968
"5008",28.6546375622662,1.73066570623484,1.58937588496062
"5009",33.3010684536073,2.05990429230633,1.55187241362498
"5010",22.7584029635681,1.58738623078685,1.37627132624306
"5011",19.144990416293,1.27670910049971,1.43948812631785
"5012",33.9628019136962,2.23851997678558,1.45642265352754
"5013",21.1768385908722,1.48808788924191,1.36608408556545
"5014",22.6022490111831,1.41716521177673,1.53100306512856
"5015",27.203675834152,1.78075285929247,1.46645529638199
"5016",25.6181693181462,1.802940753888,1.36399105975259
"5017",24.9277541372002,1.4620673279589,1.63666828948556
"5018",24.2851444125063,1.69117504220305,1.37846904264413
"5019",34.1966417938398,2.09985501468687,1.56328815482694
"5020",22.0597351119701,1.58082268566594,1.33955953895322
"5021",38.8803415111531,2.52458247336195,1.47837767570549
"5022",25.4180827291818,1.8409069102228,1.32542710805305
"5023",20.0105013497197,1.45228756843798,1.3226661455111
"5024",26.7848929323813,1.74059653728321,1.47719111646774
"5025",15.6091204873932,1.18837992099795,1.26086333342053
"5026",22.5534432094871,1.58570123011794,1.36532605837473
"5027",32.3687382884487,2.11136179450165,1.47166174338785
"5028",25.0890156811946,1.7611047623175,1.36755033171684
"5029",30.8352762559267,1.90255496479874,1.55580627578886
"5030",20.7167802489053,1.49342348744868,1.33163183678778
"5101",12.7937753955126,1.11865535587037,1.09786086321296
"5102",12.739809888319,0.842527682236142,1.45152211136879
"5103",9.10005822538518,1.01139559157603,0.863710108673898
"5104",12.7560905650033,1.23494251023194,0.991552562336527
"5105",16.419074115782,0.936758949960709,1.6825411705572
"5106",25.7304285525208,1.24794720954197,1.97922739315419
"5107",9.30421173200027,0.847276688152418,1.05414223779312
"5108",8.75617814934751,0.929237370014839,0.904550482674142
"5109",8.6505655732432,0.930333876336972,0.892586995277582
"5110",7.45853632829344,0.814077849311732,0.879493348263651
"5111",10.2290980105952,0.892359969550103,1.10037863008549
"5112",13.9607870579621,1.25431443209858,1.06843565213952
"5113",9.06290045268541,1.05129067520182,0.827540552807626
"5114",22.0691390110193,1.28656601912455,1.64663825721513
"5115",15.5427040678292,1.38794087054204,1.07498028966349
"5116",11.1528027597556,1.1113039476243,0.963376509134076
"5117",11.887838805921,1.09150077310249,1.04549930315199
"5118",11.9511586902829,1.18930999225861,0.964627931571654
"5119",8.33270737516405,0.885496508531059,0.903325282008074
"5120",8.40390321902361,0.759709686967683,1.06188690697659
"5121",7.18800680999203,0.730552214021701,0.9445003133807
"5122",12.2034948696048,1.10708693144749,1.05815036589529
"5123",10.3096043817386,0.896818559550951,1.10352531524411
"5124",9.87056396818173,1.05968238555082,0.894151562367814
"5125",12.0095116336531,1.11826885106331,1.03091772562963
"5126",12.259225953311,1.0875581177903,1.08207026533095
"5127",8.59184544838768,0.8283071486256,0.995726199656768
"5128",13.0604284879613,1.12532235586386,1.11410305868965
"5201",11.3414243630589,0.957994877519794,1.13644730122667
"5202",32.0645949877667,2.24432580959768,1.37146504332841
"5203",2.56136925462096,0.45762867145765,0.53728393321582
"5204",12.5211579140479,0.733206043709763,1.63931851665264
"5205",19.3900467337512,1.76593566944948,1.05402003172932
"5206",16.5089502961043,0.94005446904021,1.68582049478516
"5207",18.5324337653013,1.44331269972511,1.23258509395806
"5208",31.0016896723747,1.80346004226966,1.65015115577951
"5209",21.6095361760547,1.25415574326149,1.65401278347277
"5210",29.232500805615,1.85485917483334,1.51286409379295
"5211",18.1416530353485,1.54509567688618,1.1271101662197
"5212",21.3707960468927,1.74280424918191,1.17710980488153
"5213",26.5769292345588,1.86135777181767,1.37062872969541
"5214",21.8563149768561,1.69670121903195,1.23656359532846
"5215",25.6304359826926,2.083406027341,1.18093764040302
"5216",23.9106503182326,1.97673520833443,1.16114853394237
"5217",20.1173223004544,1.56315312231136,1.23541690315849
"5218",20.5172668011771,1.61180646086696,1.22194455747474
"5219",21.1762587706694,1.66772187120655,1.21890679684044
"5220",15.2822861553274,0.966306550634395,1.51816261103349
"5221",14.0853451224014,1.30437526812328,1.03659670658028
"5222",15.6338084275306,1.25857278785087,1.19242572343194
"5223",17.0209234290399,1.52422447680874,1.07196121983173
"5224",18.1397221093755,1.43803290761602,1.21089557709665
"5225",24.6629238662175,1.89229683908345,1.25112351300524
"5226",20.8673806670406,1.70433857029211,1.17532223922136
"5227",22.9431506447053,1.83907090943593,1.19756603366051
"5228",10.0441457025045,0.912075572467303,1.05712676166066
"5301",5.49766635742252,0.822610791397187,0.641547571091869
"5302",8.08964819037437,0.874121176181803,0.888388404420412
"5303",6.63570338761283,0.883330416950486,0.721121870818893
"5304",9.52062838677218,0.982213796944118,0.930474490888471
"5305",7.27432201023513,0.867198542822973,0.80522800394278
"5306",6.15618500987933,0.759727998061756,0.777854590718705
"5307",6.24243592602002,0.696833024123531,0.859944170153349
"5308",5.25880263890389,0.583720846759639,0.864821655761557
"5309",3.65510642470041,0.57485613374282,0.610359550870156
"5310",4.369943219808,0.604231633464407,0.694252134313482
"5311",7.1725247049067,0.820234570740495,0.839419146322073
"5312",10.3357660996211,1.11384753012123,0.890762271658215
"5313",7.1282323768577,0.893436528357617,0.765884062130493
"5314",7.42813828868905,0.943571544344003,0.755701062554043
"5315",10.9481797131651,1.21119961152869,0.867702967187178
"5316",8.12456364235496,1.03959336728068,0.750207553826184
"5317",7.06465236236851,1.01939476589599,0.665262868854776
"5318",7.3399850938958,1.03345440255646,0.681787046980655
"5319",8.34286484676432,1.14781873190751,0.697729022140641
"5320",9.74273729229042,1.14473303830518,0.816999259093209
"5321",10.8940138518747,1.43945275497413,0.726499626966961
"5322",8.71480001063112,1.08128119426013,0.7736840848167
"5323",4.20391377788313,0.559649363285124,0.721078711169164
"5401",4.13947472496229,0.642569878360289,0.618400396813776
"5402",5.04191796779076,0.686234775755415,0.705290347964134
"5403",3.10401468880107,0.54593440018168,0.545793293280463
"5404",4.50094461658547,0.6210741193074,0.695672962271649
"5405",3.23468829426423,0.644086165246132,0.482095806592479
"5406",5.03049067186414,0.583903559457024,0.827016383259408
"5407",3.53306283683213,0.675220533659428,0.502285462265239
"5408",3.85986738348528,0.66362967414295,0.558330655906996
"5409",6.845995487916,0.831840476203463,0.790026115145258
"5410",3.28938195428635,0.719906352908044,0.438614704444085
"5411",3.11491535700236,0.581082601228173,0.514580430091313
"5412",3.36761793449957,0.610580489576882,0.529449787910635
"5413",3.58317916285537,0.587058543024511,0.585911468996905
"5414",1.90491107902072,0.496428235663782,0.368352074641338
"5415",3.08420125526417,0.524248175017399,0.564742757459353
"5416",2.46179568366646,0.516979693316167,0.457112827938816
"5417",3.86299486709912,0.590770853989944,0.6276968624187
"5418",5.95710546527822,0.70131716234886,0.815390617440101
"5419",3.56324489124378,0.648684449199168,0.527299151017998
"5420",3.1701474444824,0.641654229935815,0.47426741603228
"5421",5.01414071443348,0.836404169668819,0.575473349689432
"5422",3.28598408443129,0.654883692055602,0.481666195563907
"5501",7.01323304567299,1.0248018742214,0.656936280488106
"5502",7.64779478066351,1.01419602586211,0.723867717893399
"5503",5.20761810062068,0.973707404558063,0.513399620101695
"5504",7.69663668161619,1.09733847754691,0.673294809140656
"5505",6.32834327841608,0.921411968177984,0.659296952071639
"5506",6.44117393920084,1.10045413267667,0.561872748930324
"5507",11.8692261678507,1.3833843613956,0.823615348414994
"5508",9.80440658704427,1.18910414208917,0.79149159776063
"5509",5.07293477224965,0.775150521558744,0.628229205603857
"5510",4.79159357943901,0.727844462903081,0.631955182294765
"5511",8.85362233433171,1.19372405666922,0.711970393089604
"5512",7.92742368241242,1.18613897634146,0.641566059366927
"5513",7.08092634931334,1.02761750396267,0.661459825091582
"5514",5.52124695055931,1.08084882611604,0.490362335592446
"5515",4.99231270327477,0.99913628985794,0.479647223427121
"5516",6.39667467017418,1.00266226446768,0.612413112241226
"5517",7.69753081745343,1.0074685945172,0.733440363955173
"5518",6.86591282552458,0.999124935618956,0.659664897514545
"5519",8.44612753635071,1.11373920832145,0.727979272176583
"5520",8.61152255326775,1.0630454049087,0.777630017413262
"5521",8.50935238859207,1.11335929436582,0.733678948056842
"5522",5.60199392840434,0.896291378160531,0.59998211245882
"5523",5.14803786174889,0.741085134482987,0.666835202359373
"5524",9.22993645065018,1.2804512838048,0.691959280927582
"5525",6.53799029538063,1.02898477858127,0.609930300287349
"5526",8.06088897668234,1.15840805585551,0.667984304864741
"5527",7.05695582057088,0.869306438834685,0.779272570638169
"5528",9.05040531468104,0.975178397789318,0.890899765625801
"5529",7.33867570973472,1.2599265374573,0.559135879045338
"5601",9.64602882648625,1.1222811927001,0.825071827482414
"5602",8.06447398831919,0.981156207522671,0.789010490118756
"5603",4.22663685819542,0.619847822775264,0.654567960167969
"5604",5.97704571999326,0.763397758918101,0.751589293600476
"5605",7.42748576812354,0.710818213993755,1.00306290194245
"5606",20.7005391692116,1.91163463160061,1.03949320637556
"5607",12.1414298469971,1.46669433101493,0.794648575509236
"5608",15.8899344566326,1.78124694391576,0.856333356541693
"5609",9.85096595202969,1.17225157833918,0.806682953304492
"5610",10.2762950142812,1.03798908807517,0.950361125830858
"5611",5.4202850020398,0.703566497300999,0.739540324442788
"5612",9.31842587230267,1.10403401674273,0.810223784057297
"5613",9.44741821772268,1.03621412908004,0.875202438673627
"5614",4.95079718840476,0.746542566411148,0.63659826106692
"5615",5.35789428543602,0.779989050883726,0.65940239754747
"5616",5.8144654623422,0.906454715232862,0.615755883904513
"5617",6.54650226219524,0.959159907208914,0.655183864039347
"5618",7.11754759731675,0.826386593113766,0.826783888646782
"5619",13.3219165731976,1.53026346570702,0.835690350563643
"5620",6.51192025528599,0.809937048379913,0.77179630714372
"5621",6.46261625517052,0.836343631830238,0.741768697044975
"5622",12.5444122129238,1.52977034605382,0.787170783087961
"5623",8.36488632503272,1.17459541689161,0.683622942448798
"5624",7.19003110745437,0.992512948623236,0.695407668796617
"5625",9.94449986512823,1.36074052518977,0.70154012358012
"5626",7.60599664633759,1.17862446286952,0.619477542042468
"5627",7.48209915450801,0.922823976304362,0.778304385214933
"5628",7.07649697683833,0.869232919263822,0.781496518843241
"5629",8.72601732993612,1.35322447565435,0.619000663682131
"5630",12.0077277380217,1.19312505520531,0.966094821292664
"5631",7.83920582037919,1.22783468128663,0.612882271005332
"5632",5.89476366866279,0.867832011316376,0.652042074061192
"5633",7.80258617921954,0.938161782131775,0.79837278585766
"5634",7.31505556841716,0.909626827938284,0.77196792626321
"5635",5.29472725191006,0.732930587418497,0.693466736914906
"5636",7.30007540168805,0.848143357418322,0.826233821366651
"5637",7.06292650792527,0.878887529181447,0.771429553802821
"5638",10.2911012078107,1.24444130404612,0.793838796163119
"5639",5.21935258771445,0.880388335675048,0.569098241893993
"5640",4.39734318953518,0.712501353273359,0.592447069392617
"5641",11.5915107598765,1.2638209854405,0.880439194874287
"5701",11.8589073957311,1.26306348050893,0.901289656724862
"5702",12.9225363299168,1.4476034295013,0.856925459852443
"5703",10.227070781416,1.31084769205197,0.748934635650959
"5704",10.4142912570043,1.06189417828771,0.941441562141991
"5705",7.52202453886517,0.908396886465601,0.794884441695095
"5706",13.7008920152602,1.72955477750547,0.760430293811724
"5707",6.86444121089239,0.988634010361395,0.66652206470577
"5708",11.7485624208689,1.35853807861755,0.830152347966536
"5709",7.69144076007131,0.831273071090114,0.888196127445891
"5710",9.16239076403503,1.20083373048976,0.732437917676151
"5711",12.1213600024766,1.31469611263694,0.885056220570631
"5712",12.6882271556249,1.430380483823,0.851518831548385
"5713",15.6377258783735,1.54032904909248,0.97455191174721
"5714",10.9020428337125,1.31614394503481,0.795150582862734
"5715",8.00911582168256,1.12094467583278,0.685875489782981
"5716",9.59020133533502,1.03424781834906,0.890118851819594
"5717",17.9236676290248,1.3710692886685,1.25490938337745
"5718",15.6820223007981,1.39356386477718,1.08023956142856
"5719",9.60546692831216,1.01962660905381,0.904320150539737
"5720",5.74133861811402,0.820756533831363,0.671496418829836
"5721",11.8358045818246,1.0337797422665,1.09904292831338
"5722",12.2371108184419,1.11637371079221,1.05223848032443
"5723",10.6456686281597,1.25048977137651,0.817217555597072
"5724",6.9226237399706,0.795205166057131,0.835673099422189
"5725",9.08641359733875,1.02185192636839,0.853590201251649
"5726",7.65029794003982,0.926088854773027,0.792995237633608
"5727",8.1124520934813,0.877356733108479,0.887607206388033
"5728",12.0698492288259,1.10571570706592,1.04785997968816
"5801",4.93778606159778,0.741350104846222,0.639372280501241
"5802",3.20461257285215,0.469028397946299,0.655875308582398
"5803",12.5096911338416,1.43942799452146,0.834260209209114
"5804",18.5165295799741,1.75554414479826,1.01249462492491
"5805",12.2861573819607,1.53491153380492,0.76838276045415
"5806",9.63566147989327,1.11972294972641,0.826068082231008
"5807",12.299551730381,1.13080859719394,1.04410714932253
"5808",8.03748760362183,1.28055888276772,0.60251193036484
"5809",12.7489367220801,1.31795110137421,0.928580492722232
"5810",9.78970043040288,1.38231775780947,0.679839513468657
"5811",8.33958099624775,1.02403994526046,0.781757796253271
"5812",8.80250744204487,1.04318344442573,0.810010414166078
"5813",12.5115932325287,1.26736535656481,0.947666814487987
"5814",6.82929881498031,0.972699969062819,0.673972383382412
"5815",3.16249168355548,0.512868792764688,0.591926803568922
"5816",17.1423800308615,1.60878487026864,1.02286432844585
"5817",12.5782488244097,1.36963266224845,0.881578449599831
"5818",5.86951344346548,0.849409235874459,0.663330566966011
"5819",16.1182057478246,1.69649247248197,0.912031095951538
"5820",12.4904780937008,1.13256628462437,1.05866930365175
"5821",16.5700722690496,1.32937993642301,1.19652057324338
"5822",9.03010899803701,1.06539371835071,0.813631489372406
"5823",13.3824159659505,1.45048717597284,0.885656917746712
"5824",29.5545950599774,1.23850643720515,2.2907180230597
"5825",10.6782267045706,1.20902634004572,0.847828989367812
"5826",12.580689454036,1.34263048562575,0.89948272295841
"5827",8.80774517504026,1.063810657497,0.794777002634967
"5828",10.5074666850389,1.12726908768277,0.89477802908899
"5829",19.3241668474881,1.80383079467023,1.02837111462453
"5830",8.09966023328667,1.11638515307372,0.696462338873742
"5831",9.14583072497696,1.36242650143705,0.644399157529164
"5832",5.14388391451913,0.625486080547604,0.789438672147981
"5833",4.39154980062207,0.596359403725066,0.706894541200218
"5834",11.4730156082771,1.31107413965806,0.840030821342738
"5835",14.729512477044,2.25925847250919,0.625845798116801
"5836",2.75219637744798,0.469507529803511,0.562706257749338
"5837",10.2675678801325,1.36603266606474,0.721525003590153
"5838",3.11435748364145,0.555080751266417,0.538588631622642
"5839",16.9127241965189,1.48617678038636,1.09241582471848
"5840",5.74933221846006,0.857097274435558,0.6439203912364
"5841",29.3870965652598,2.32988408596828,1.21078561559752
"5842",7.87536818426795,0.998391728476158,0.757207279135968
"5843",7.48747522558369,0.936007435260407,0.767893493127464
"5844",14.0495770104575,1.80204676524849,0.748414304576046
"5901",10.7022532633769,0.915785140340395,1.12182863040035
"5902",17.7709195348331,1.42973382055287,1.19316250588708
"5903",10.3566125409807,1.12884220774319,0.880702800059635
"5904",17.9304154193774,2.00092085778989,0.860211665788042
"5905",17.4916265209549,1.52887843938233,1.09825231485686
"5906",7.68826440157952,0.770306992233346,0.958096730414636
"5907",11.0944116175058,0.955844376675737,1.11419696973308
"5908",13.6456951988983,1.21740857302079,1.07597999859186
"5909",10.5026111388318,0.872310139132524,1.15576956307337
"5910",21.2061109690353,1.89488124574684,1.07429590420189
"5911",10.7869301653095,1.11923857585459,0.925166896089204
"5912",19.4237878447253,1.18529142931591,1.57309035937817
"5913",17.4567995391281,1.27041102072696,1.31906215421819
"5914",9.30197431891404,0.871034116459247,1.02514396230747
"5915",10.2783026030953,1.00027844260368,0.986382544254557
"5916",11.0451851841422,1.02434337727097,1.03507620649222
"5917",30.827651498854,1.9719722366057,1.50066769047617
"5918",16.6048022640646,1.21142550375746,1.31577576658057
"5919",29.3681922281064,1.72422720644066,1.63503708820399
"5920",2.49584100273794,0.537195204288584,0.445994677646394
"5921",19.1275913040733,1.24206869040921,1.47828972073623
"5922",23.0134484855042,1.57483637228249,1.40278512540047
"5923",15.9630202077902,1.25035128826588,1.22554117006706
"5924",14.9578449959047,0.977450216646335,1.46899145303181
"5925",20.0079304369702,1.50341001408625,1.27752561820894
"6001",12.8652115981496,0.743868362993805,1.66022035016314
"6002",18.4830210293607,1.32655369864737,1.33749759735376
"6003",10.5903483109573,0.902436817285916,1.12651849580128
"6004",10.0838360796228,1.00095898916635,0.967062139267637
"6005",10.7597890540686,1.14161324707802,0.904752194515009
"6006",10.2091397836259,1.0969407820837,0.893410094035219
"6007",12.4885807615738,1.00611891500893,1.19154009447962
"6008",11.2994291142861,0.862577009473986,1.25748702075999
"6009",32.2207530485974,1.85789176260153,1.66479270775173
"6010",12.0774133419956,1.02536190342246,1.13068502476311
"6011",12.8505545867639,1.35564207096301,0.909958780985044
"6012",14.6648936817232,0.973893984798521,1.44548011981151
"6013",11.9399162188523,0.939057024149378,1.22054613997512
"6014",13.5770066196875,1.17132830673571,1.11267999209711
"6015",14.0531851419004,1.17027270295606,1.15274323055326
"6016",11.0288260028994,1.15714480712315,0.91492703803424
"6017",15.9056558162566,1.44654936258519,1.05551208467327
"6018",13.5510792604661,1.22843785535527,1.05892592768225
"6019",12.9298975171694,1.17920077585696,1.05257297233072
"6020",13.5706875639503,1.39418700790144,0.934384678057158
"6021",8.37131582104933,0.844107366683643,0.952008714739163
"6022",10.6742605096625,1.00485793619455,1.01971314698084
"6023",11.9350820657877,1.08818230532728,1.05285517866834
"6101",7.55008624555616,0.834783233195737,0.868206599680809
"6102",12.2292578001338,1.01474637714204,1.15687777688664
"6103",11.1745072200602,0.903546768403926,1.1871965646443
"6104",7.00032273083771,0.741019270202923,0.90684580478188
"6105",7.07617401047986,0.762595171672296,0.890736688103337
"6106",24.4977597592783,1.77177403244884,1.32728115066899
"6107",13.4072788350312,1.1605378124027,1.10898643576626
"6108",9.29941214471444,0.806661673310351,1.10664661677311
"6109",10.3829135382568,0.936306392554184,1.06450115441714
"6110",7.87060684007711,0.818835013940636,0.922691885487663
"6111",8.89900879899337,0.827319256577922,1.03255546801188
"6112",7.20806051564856,0.742692335950929,0.931653392061332
"6113",8.32380031598359,0.79139176200265,1.00965968542821
"6114",9.52123082461666,0.876775410421529,1.04243652629426
"6115",8.88466634551373,0.773113592033834,1.10317065816326
"6116",10.7891199622206,0.874254611534226,1.18465796267354
"6117",15.4056505445126,1.24043493828846,1.19220500268346
"6118",11.5968123632012,1.0223885677344,1.08884869125556
"6119",13.6504311012643,0.942509551260482,1.39029030738231
"6120",14.4682972232726,1.12491048323651,1.234651378378
"6121",26.1439585780435,1.68177543703741,1.49227282154516
"6122",18.0577482177832,1.35084017824592,1.28323002176088
"6123",23.2628758664818,1.45334869453133,1.53652087928893
"6124",12.7250019161197,0.851811881496151,1.43403268684421
"6125",19.8607465807366,1.25346856844765,1.52099227900142
"6126",13.0852354188507,1.04920603669271,1.1971970763186
"6127",16.3198387889047,1.2480458942483,1.25524990220626
"6128",18.2063920551052,1.27039864168746,1.37571590266672
"6201",4.28879422709405,0.818202846690828,0.503175064814782
"6202",4.67000889445698,0.715047889579708,0.62694214618022
"6203",3.88581787932286,0.688419061399906,0.541844217626992
"6204",7.54601357759547,1.02628678501819,0.705819631052888
"6205",6.45388502751243,0.792095654661651,0.782147175544745
"6206",7.89037022755965,0.940633976537014,0.805233078878171
"6207",5.77214633389536,0.923848769913274,0.59976529985548
"6208",7.74454802217194,1.07321198358378,0.692716370913333
"6209",3.21330978549057,0.534134668126927,0.577492990830421
"6210",6.29688620635624,0.759481844187444,0.795890528677886
"6211",10.0246851060342,1.11818207680503,0.860603485192277
"6212",4.93897374390195,0.799080485243769,0.593322858617395
"6213",6.72033391273331,0.919232058721176,0.701795497965751
"6214",11.0637096419602,1.23717391266956,0.858449799409757
"6215",7.26568027916406,1.01907892373852,0.684405279663961
"6216",5.94917881959518,0.899041804327882,0.635216871400562
"6217",6.69927085992234,1.1213044676555,0.573520402830251
"6218",7.14813219239935,0.905034598660078,0.758179924853164
"6219",6.39710544293248,0.801106180300008,0.76654616414986
"6220",5.89993403461623,1.04323912850115,0.542885417297877
"6221",3.78078042093661,0.617153760408566,0.588075333372436
"6222",4.19989979154655,0.987446323663032,0.408291481379416
"6223",3.86628187400831,0.699447519827976,0.530619573961594
"6224",3.11602748242495,0.642531115597054,0.465534641298787
"6225",4.24476086858052,0.885747018436623,0.460032397446036
"6226",4.89357126750684,0.876807935367596,0.535755124337856
"6301",15.3559024971872,1.43955524567936,1.02398099726627
"6302",14.0441840419793,1.40884693970766,0.956924308142539
"6303",18.0314043299211,1.71608257332646,1.00864016592579
"6304",14.5827617471056,1.51583501628274,0.923491139442979
"6305",13.2141032845826,1.33475882121641,0.950341697752434
"6306",10.6622305693207,1.27604685128052,0.8020959756618
"6307",10.3936273965733,0.0603850640366647,16.5227564081661
"6308",14.47879531492,1.38422637762739,1.00408434401145
"6309",15.7046936862077,1.43129315249243,1.05328467229723
"6310",18.2829193869413,1.67268916188015,1.0492408465955
"6311",36.8776804475619,2.88244464638825,1.22813895966158
"6312",10.9302000397863,1.37327151076089,0.764040864909964
"6313",14.8192763598238,1.54252749896949,0.922229414286263
"6314",19.9613629943281,1.7001137708365,1.12708610283869
"6315",13.4823989820171,1.46009714072693,0.886401152843632
"6316",7.79009238586487,1.07815588452288,0.69359497537875
"6317",12.1313025738314,1.21511763452544,0.958371739913558
"6318",11.581835712861,1.39792275818298,0.795314888613584
"6319",14.7066551747229,1.27516111645106,1.10711755224569
"6320",12.0741846279281,1.26395135760631,0.917006342403103
"6321",15.2926257594932,1.30903337269562,1.12144048301466
"6322",8.73348265898225,1.205224660893,0.695607635537894
"6323",22.63697235855,2.27800713887031,0.953911638415883
"6324",8.89836644249919,0.953255444533107,0.896078133712304
"6325",10.6706203918977,1.05013656318137,0.975413535907098
"6401",9.05353446125617,1.13198128872355,0.767757024378712
"6402",17.207068600863,1.637143827166,1.00893907703449
"6403",6.98282378232286,1.00186320885095,0.669063813672607
"6404",9.4244242041428,1.15190205180894,0.785387820030345
"6405",10.4549126453818,1.35349332092803,0.741496625988505
"6406",11.3430283124823,1.30388849278677,0.835090323270931
"6407",9.89338276205681,1.24057809948881,0.765535948421285
"6408",8.67544602655757,1.04985499293572,0.7932450705264
"6409",4.53756123189289,0.844313652212624,0.515897679805934
"6410",6.7976879903295,0.887972327508496,0.734863510006374
"6411",9.46598580205904,1.11947054755476,0.811704706937993
"6412",3.62819872588806,0.601018098577002,0.579493279885052
"6413",8.77350940937343,1.19541299409549,0.704531250506085
"6414",5.57640808227632,0.923686061251659,0.579528829839074
"6415",11.6957721678222,1.25097635081367,0.897479810999302
"6416",9.52590296385073,1.26173350180566,0.72474196019216
"6417",5.93226693397437,0.906861580461608,0.627949283482455
"6418",13.8736714593182,1.69114214791639,0.787510186371799
"6501",22.8322581695618,1.87217725143881,1.1707031591732
"6502",18.3490315300544,1.5683701970562,1.12307679420933
"6503",4.10603605079714,0.729935761950325,0.539986626648516
"6504",27.6919493649025,2.59158088239738,1.02573139648078
"6505",4.74043424220851,0.648130385684532,0.702102681550645
"6506",2.24421410882461,0.617321227859049,0.34897793200252
"6507",27.2297153408165,2.07360838298878,1.26055340270687
"6508",4.99619042985902,0.797021384624812,0.601746948925242
"6509",12.2645688206314,1.47879856187344,0.796137631982644
"6510",12.7531328563401,1.41965328055037,0.8623418860952
"6511",9.42456536163618,1.05290748068153,0.859243008768876
"6512",5.4547691014243,0.624421531396931,0.838577854987889
"6513",4.95001800803259,0.796012979594207,0.596941149193021
"6514",4.11426883417648,0.564121858976944,0.70010733096481
"6515",5.65479343933963,0.694484466721671,0.781626178893045
"6516",5.26355522592896,0.836362256422188,0.604128947708421
"6517",11.5818892792195,1.25075806693208,0.8888960656478
"6518",9.71365939699857,1.08913568077511,0.856141940805385
"6519",7.73881109514235,1.09560982955656,0.678052331095955
"6520",41.8254183196783,3.52584259986303,1.13873392774115
"6521",5.07561259242303,0.897254145881877,0.543022569203066
"6522",7.28405149515494,0.972974895761172,0.718648064404567
"6523",14.3322451550937,1.31378398667836,1.04721330627526
"6601",8.04356570770014,0.976084175386898,0.791054180027478
"6602",8.35988812431833,0.816873569327929,0.982404875188372
"6603",9.53815337868158,1.01764668886493,0.899729925761018
"6604",9.86129906143101,0.919006933072251,1.03005456160658
"6605",8.57689794469614,1.0975716757756,0.750139853380122
"6606",14.766140936204,1.42670173651138,0.993524788245298
"6607",10.1314857726281,0.992775072932896,0.979641472619009
"6608",14.4416565161012,1.67373077694893,0.828278325895482
"6609",13.7194524094327,1.38232530917026,0.952733433035631
"6610",12.7991034808293,1.25325975044702,0.980354949848359
"6611",11.7207974891343,1.18712004970739,0.947779716367822
"6612",7.79971532888883,0.992431803598249,0.75443697789355
"6613",7.44438922088052,0.93307683596912,0.765872633381709
"6614",11.0978124217528,1.21799301562908,0.874656382887162
"6615",12.4343708869115,1.25194546044425,0.953417886384914
"6616",8.63765394846878,0.82396600925508,1.00630908214947
"6617",12.4761623103959,1.32907556512491,0.901106723709504
"6618",12.2659880335284,1.20970027591904,0.973351370452628
"6619",8.46166996437069,0.817561894112515,0.993528498206458
"6620",12.2142890528244,1.24177575359553,0.944212847548596
"6621",18.569151406281,1.66183628481413,1.07262695826458
"6622",12.8211221283781,1.51410483163749,0.812858552473269
"6623",10.611633922869,1.1369283861272,0.895971173895422
"6624",10.3357701566114,1.02165548930147,0.971143165234197
"6625",14.6699642771315,1.16895444207257,1.20469292110695
"6626",12.4209423585419,1.21060899420435,0.984907711697506
"6627",5.26515603878089,0.969021907959956,0.521581931672763
"6628",11.7652717401861,1.19676490948437,0.94370879707881
"6629",21.5892943507597,1.76801981994702,1.1721851254645
"6630",12.042687913379,1.259436868596,0.917892701937602
"6631",9.22516285622502,1.04258885626221,0.849387471407438
"6632",8.446267711706,0.937861693468003,0.864511814410557
"6633",15.3767438667569,1.44267847557245,1.02315095927102
"6634",12.1589301317562,1.20802769025074,0.96619183127487
"6635",10.0696607449268,1.19340929679814,0.809972567160061
"6636",14.2863525255213,1.47996352447151,0.926648950840254
"6637",5.47636951727493,0.682569237628857,0.770177666322882
"6638",9.78774588975977,1.15788278088484,0.811452266947621
"6639",11.7552136232962,1.28459994079176,0.878430721218292
"6640",8.50506019375528,0.941195998962748,0.867445517288892
"6641",11.9062131510523,1.25774278302602,0.908712928608565
"6642",11.763257462549,1.10795531785801,1.01917847768039
"6643",19.9109287656333,1.73288868611369,1.10297518093054
"6644",16.8395353409348,1.34478794500351,1.20204626707245
"6645",6.79297376867348,0.762801470551208,0.854856668123704
"6646",17.4089993153392,1.56730197169348,1.06626711686789
